timestamp,mean_dba,max_dba,min_dba,events_number,snoring_events_number,snore_label,sample_duration
2023-06-28T00:00:00,30,31,29,27,0,0,30
2023-06-28T00:00:30,30,31,29,18,0,0,30
2023-06-28T00:01:00,30,33,29,15,0,0,30
2023-06-28T00:01:30,30,31,29,22,0,0,30
2023-06-28T00:02:00,30,31,29,15,0,0,30
2023-06-28T00:02:30,30,37,29,26,0,0,30
2023-06-28T00:03:00,30,31,29,25,0,0,30
2023-06-28T00:03:30,30,30,29,25,0,0,30
2023-06-28T00:04:00,30,30,29,23,0,0,30
2023-06-28T00:04:30,30,30,29,17,0,0,30
2023-06-28T00:05:00,30,31,29,15,0,0,30
2023-06-28T00:05:30,30,31,29,14,0,0,30
2023-06-28T00:06:00,30,30,29,13,0,0,30
2023-06-28T00:06:30,30,30,29,14,0,0,30
2023-06-28T00:07:00,30,30,29,9,0,0,30
2023-06-28T00:07:30,30,30,29,15,0,0,30
2023-06-28T00:08:00,30,30,29,12,0,0,30
2023-06-28T00:08:30,30,30,29,21,0,0,30
2023-06-28T00:09:00,30,31,29,24,0,0,30
2023-06-28T00:09:30,30,31,29,16,0,0,30
2023-06-28T00:10:00,30,30,29,12,0,0,30
2023-06-28T00:10:30,30,30,29,20,0,0,30
2023-06-28T00:11:00,30,30,29,20,0,0,30
2023-06-28T00:11:30,30,30,29,21,0,0,30
2023-06-28T00:12:00,30,31,29,18,0,0,30
2023-06-28T00:12:30,30,31,29,23,0,0,30
2023-06-28T00:13:00,30,30,29,5,0,0,30
2023-06-28T00:13:30,30,30,29,10,0,0,30
2023-06-28T00:14:00,30,31,29,23,0,0,30
2023-06-28T00:14:30,30,31,29,13,0,0,30
2023-06-28T00:15:00,30,30,29,14,0,0,30
2023-06-28T00:15:30,30,31,29,9,0,0,30
2023-06-28T00:16:00,30,31,29,5,0,0,30
2023-06-28T00:16:30,30,31,29,11,0,0,30
2023-06-28T00:17:00,30,31,29,22,0,0,30
2023-06-28T00:17:30,30,30,29,23,0,0,30
2023-06-28T00:18:00,30,31,29,13,0,0,30
2023-06-28T00:18:30,30,31,29,14,0,0,30
2023-06-28T00:19:00,30,31,29,15,0,0,30
2023-06-28T00:19:30,30,31,29,11,0,0,30
2023-06-28T00:20:00,57,74,30,3,0,0,30
2023-06-28T00:20:30,31,33,30,0,0,0,30
2023-06-28T00:21:00,31,32,30,0,0,0,30
2023-06-28T00:21:30,31,35,30,0,0,0,30
2023-06-28T00:22:00,51,70,30,4,0,0,30
2023-06-28T00:22:30,30,31,30,0,0,0,30
2023-06-28T00:23:00,30,31,29,0,0,0,30
2023-06-28T00:23:30,30,31,29,0,0,0,30
2023-06-28T00:24:00,30,31,29,0,0,0,30
2023-06-28T00:24:30,30,31,29,1,0,0,30
2023-06-28T00:25:00,55,72,29,2,0,0,30
2023-06-28T00:25:30,30,33,29,0,0,0,30
2023-06-28T00:26:00,30,35,29,0,0,0,30
2023-06-28T00:26:30,30,31,29,0,0,0,30
2023-06-28T00:27:00,30,31,29,0,0,0,30
2023-06-28T00:27:30,30,30,29,0,0,0,30
2023-06-28T00:28:00,30,31,29,0,0,0,30
2023-06-28T00:28:30,30,31,29,0,0,0,30
2023-06-28T00:29:00,30,31,29,0,0,0,30
2023-06-28T00:29:30,30,31,29,0,0,0,30
2023-06-28T00:30:00,30,31,29,1,0,0,30
2023-06-28T00:30:30,30,31,29,0,0,0,30
2023-06-28T00:31:00,30,31,29,0,0,0,30
2023-06-28T00:31:30,30,31,29,0,0,0,30
2023-06-28T00:32:00,30,31,29,0,0,0,30
2023-06-28T00:32:30,30,30,29,0,0,0,30
2023-06-28T00:33:00,30,31,29,0,0,0,30
2023-06-28T00:33:30,30,31,29,0,0,0,30
2023-06-28T00:34:00,30,31,29,0,0,0,30
2023-06-28T00:34:30,30,31,29,0,0,0,30
2023-06-28T00:35:00,30,31,29,0,0,0,30
2023-06-28T00:35:30,30,31,29,0,0,0,30
2023-06-28T00:36:00,30,30,29,0,0,0,30
2023-06-28T00:36:30,30,30,29,0,0,0,30
2023-06-28T00:37:00,30,31,29,0,0,0,30
2023-06-28T00:37:30,30,30,29,0,0,0,30
2023-06-28T00:38:00,30,31,29,0,0,0,30
2023-06-28T00:38:30,30,32,29,2,0,0,30
2023-06-28T00:39:00,30,31,29,0,0,0,30
2023-06-28T00:39:30,30,33,29,0,0,0,30
2023-06-28T00:40:00,30,31,29,0,0,0,30
2023-06-28T00:40:30,30,31,29,0,0,0,30
2023-06-28T00:41:00,30,30,29,0,0,0,30
2023-06-28T00:41:30,30,31,29,0,0,0,30
2023-06-28T00:42:00,30,30,29,0,0,0,30
2023-06-28T00:42:30,30,31,29,0,0,0,30
2023-06-28T00:43:00,30,30,29,0,0,0,30
2023-06-28T00:43:30,30,30,29,0,0,0,30
2023-06-28T00:44:00,54,68,29,1,0,0,30
2023-06-28T00:44:30,31,33,30,0,0,0,30
2023-06-28T00:45:00,31,35,30,0,0,0,30
2023-06-28T00:45:30,31,40,30,0,0,0,30
2023-06-28T00:46:00,31,36,30,0,0,0,30
2023-06-28T00:46:30,31,31,30,0,0,0,30
2023-06-28T00:47:00,31,31,30,0,0,0,30
2023-06-28T00:47:30,31,31,30,0,0,0,30
2023-06-28T00:48:00,31,47,30,0,0,0,30
2023-06-28T00:48:30,37,55,30,0,0,0,30
2023-06-28T00:49:00,72,92,30,2,1,0,30
2023-06-28T00:49:30,30,33,29,0,0,0,30
2023-06-28T00:50:00,30,32,29,0,0,0,30
2023-06-28T00:50:30,30,31,30,0,0,0,30
2023-06-28T00:51:00,30,31,29,0,0,0,30
2023-06-28T00:51:30,31,39,30,1,0,0,30
2023-06-28T00:52:00,47,65,30,1,0,0,30
2023-06-28T00:52:30,31,32,30,0,0,0,30
2023-06-28T00:53:00,31,32,30,0,0,0,30
2023-06-28T00:53:30,31,32,30,0,0,0,30
2023-06-28T00:54:00,31,32,30,0,0,0,30
2023-06-28T00:54:30,31,32,30,0,0,0,30
2023-06-28T00:55:00,31,32,30,0,0,0,30
2023-06-28T00:55:30,31,32,30,0,0,0,30
2023-06-28T00:56:00,31,32,30,0,0,0,30
2023-06-28T00:56:30,44,62,30,1,0,0,30
2023-06-28T00:57:00,44,59,30,5,0,0,30
2023-06-28T00:57:30,43,61,30,3,0,0,30
2023-06-28T00:58:00,31,32,30,1,0,0,30
2023-06-28T00:58:30,51,68,30,4,0,0,30
2023-06-28T00:59:00,31,33,30,4,0,0,30
2023-06-28T00:59:30,31,35,30,6,0,0,30
2023-06-28T01:00:00,31,33,30,6,0,0,30
2023-06-28T01:00:30,31,32,30,5,0,0,30
2023-06-28T01:01:00,31,32,30,4,0,0,30
2023-06-28T01:01:30,31,36,30,5,0,0,30
2023-06-28T01:02:00,31,34,30,3,0,0,30
2023-06-28T01:02:30,31,33,30,3,0,0,30
2023-06-28T01:03:00,31,32,30,0,0,0,30
2023-06-28T01:03:30,31,34,30,0,0,0,30
2023-06-28T01:04:00,31,33,30,1,0,0,30
2023-06-28T01:04:30,31,32,30,2,0,0,30
2023-06-28T01:05:00,31,36,30,2,0,0,30
2023-06-28T01:05:30,31,32,30,2,0,0,30
2023-06-28T01:06:00,31,32,30,3,0,0,30
2023-06-28T01:06:30,31,33,30,5,0,0,30
2023-06-28T01:07:00,31,32,30,0,0,0,30
2023-06-28T01:07:30,31,32,30,2,0,0,30
2023-06-28T01:08:00,31,33,30,1,0,0,30
2023-06-28T01:08:30,31,35,30,4,0,0,30
2023-06-28T01:09:00,31,33,30,3,0,0,30
2023-06-28T01:09:30,31,36,30,0,0,0,30
2023-06-28T01:10:00,31,32,30,2,0,0,30
2023-06-28T01:10:30,31,32,30,4,0,0,30
2023-06-28T01:11:00,31,32,30,4,0,0,30
2023-06-28T01:11:30,31,33,30,3,0,0,30
2023-06-28T01:12:00,31,32,30,2,0,0,30
2023-06-28T01:12:30,31,35,30,5,0,0,30
2023-06-28T01:13:00,31,34,30,4,0,0,30
2023-06-28T01:13:30,50,70,29,3,1,0,30
2023-06-28T01:14:00,30,36,29,0,0,0,30
2023-06-28T01:14:30,49,67,29,6,2,1,30
2023-06-28T01:15:00,30,32,29,0,0,0,30
2023-06-28T01:15:30,30,31,29,0,0,0,30
2023-06-28T01:16:00,37,54,29,3,0,0,30
2023-06-28T01:16:30,30,31,29,0,0,0,30
2023-06-28T01:17:00,30,31,29,0,0,0,30
2023-06-28T01:17:30,30,31,29,0,0,0,30
2023-06-28T01:18:00,30,31,29,0,0,0,30
2023-06-28T01:18:30,30,31,29,1,0,0,30
2023-06-28T01:19:00,33,51,29,4,0,0,30
2023-06-28T01:19:30,45,61,29,6,1,0,30
2023-06-28T01:20:00,37,49,30,0,0,0,30
2023-06-28T01:20:30,35,48,30,2,0,0,30
2023-06-28T01:21:00,32,42,30,0,0,0,30
2023-06-28T01:21:30,38,55,30,3,0,0,30
2023-06-28T01:22:00,32,38,30,5,1,0,30
2023-06-28T01:22:30,31,38,30,5,0,0,30
2023-06-28T01:23:00,32,38,30,3,1,0,30
2023-06-28T01:23:30,31,35,30,3,0,0,30
2023-06-28T01:24:00,31,37,30,3,0,0,30
2023-06-28T01:24:30,31,38,30,7,0,0,30
2023-06-28T01:25:00,31,36,30,6,0,0,30
2023-06-28T01:25:30,31,35,30,6,0,0,30
2023-06-28T01:26:00,31,37,30,7,1,0,30
2023-06-28T01:26:30,31,35,30,5,0,0,30
2023-06-28T01:27:00,32,44,30,5,0,0,30
2023-06-28T01:27:30,31,32,30,6,0,0,30
2023-06-28T01:28:00,31,33,30,3,0,0,30
2023-06-28T01:28:30,31,32,30,6,0,0,30
2023-06-28T01:29:00,31,33,30,6,0,0,30
2023-06-28T01:29:30,31,32,30,4,0,0,30
2023-06-28T01:30:00,31,32,30,3,0,0,30
2023-06-28T01:30:30,50,64,30,5,1,0,30
2023-06-28T01:31:00,52,67,30,1,0,0,30
2023-06-28T01:31:30,30,34,30,0,0,0,30
2023-06-28T01:32:00,30,32,30,0,0,0,30
2023-06-28T01:32:30,52,69,30,2,1,0,30
2023-06-28T01:33:00,30,35,29,0,0,0,30
2023-06-28T01:33:30,30,33,29,0,0,0,30
2023-06-28T01:34:00,30,31,29,0,0,0,30
2023-06-28T01:34:30,30,31,29,0,0,0,30
2023-06-28T01:35:00,30,34,29,0,0,0,30
2023-06-28T01:35:30,39,59,29,2,0,0,30
2023-06-28T01:36:00,30,35,29,5,1,0,30
2023-06-28T01:36:30,30,33,29,2,0,0,30
2023-06-28T01:37:00,30,33,29,7,0,0,30
2023-06-28T01:37:30,30,30,29,0,0,0,30
2023-06-28T01:38:00,30,30,29,0,0,0,30
2023-06-28T01:38:30,30,30,29,0,0,0,30
2023-06-28T01:39:00,30,30,29,0,0,0,30
2023-06-28T01:39:30,30,35,29,1,0,0,30
2023-06-28T01:40:00,30,30,29,0,0,0,30
2023-06-28T01:40:30,30,31,29,0,0,0,30
2023-06-28T01:41:00,30,30,29,0,0,0,30
2023-06-28T01:41:30,30,30,29,0,0,0,30
2023-06-28T01:42:00,30,31,29,0,0,0,30
2023-06-28T01:42:30,30,30,29,0,0,0,30
2023-06-28T01:43:00,30,30,29,1,0,0,30
2023-06-28T01:43:30,30,31,29,1,0,0,30
2023-06-28T01:44:00,30,31,29,0,0,0,30
2023-06-28T01:44:30,30,31,29,0,0,0,30
2023-06-28T01:45:00,30,30,29,0,0,0,30
2023-06-28T01:45:30,30,31,29,0,0,0,30
2023-06-28T01:46:00,30,30,29,0,0,0,30
2023-06-28T01:46:30,30,31,29,0,0,0,30
2023-06-28T01:47:00,30,30,29,0,0,0,30
2023-06-28T01:47:30,30,30,29,0,0,0,30
2023-06-28T01:48:00,30,30,29,0,0,0,30
2023-06-28T01:48:30,30,30,29,0,0,0,30
2023-06-28T01:49:00,30,34,29,5,0,0,30
2023-06-28T01:49:30,30,30,29,0,0,0,30
2023-06-28T01:50:00,30,30,29,0,0,0,30
2023-06-28T01:50:30,30,30,29,0,0,0,30
2023-06-28T01:51:00,30,30,29,0,0,0,30
2023-06-28T01:51:30,30,31,29,0,0,0,30
2023-06-28T01:52:00,30,31,29,0,0,0,30
2023-06-28T01:52:30,30,30,29,0,0,0,30
2023-06-28T01:53:00,30,30,29,0,0,0,30
2023-06-28T01:53:30,30,30,29,0,0,0,30
2023-06-28T01:54:00,30,30,29,0,0,0,30
2023-06-28T01:54:30,30,30,29,0,0,0,30
2023-06-28T01:55:00,30,35,29,0,0,0,30
2023-06-28T01:55:30,30,30,29,1,0,0,30
2023-06-28T01:56:00,30,30,29,0,0,0,30
2023-06-28T01:56:30,30,36,29,1,0,0,30
2023-06-28T01:57:00,30,31,29,1,0,0,30
2023-06-28T01:57:30,30,30,29,0,0,0,30
2023-06-28T01:58:00,52,71,29,3,0,0,30
2023-06-28T01:58:30,31,34,30,0,0,0,30
2023-06-28T01:59:00,31,40,30,0,0,0,30
2023-06-28T01:59:30,31,37,30,0,0,0,30
2023-06-28T02:00:00,32,39,30,1,0,0,30
2023-06-28T02:00:30,31,35,30,0,0,0,30
2023-06-28T02:01:00,31,33,30,0,0,0,30
2023-06-28T02:01:30,31,31,30,0,0,0,30
2023-06-28T02:02:00,31,31,30,0,0,0,30
2023-06-28T02:02:30,31,34,30,0,0,0,30
2023-06-28T02:03:00,37,61,30,0,0,0,30
2023-06-28T02:03:30,31,32,30,0,0,0,30
2023-06-28T02:04:00,31,31,30,0,0,0,30
2023-06-28T02:04:30,31,31,30,0,0,0,30
2023-06-28T02:05:00,31,31,30,0,0,0,30
2023-06-28T02:05:30,31,31,30,0,0,0,30
2023-06-28T02:06:00,31,31,30,0,0,0,30
2023-06-28T02:06:30,31,31,30,0,0,0,30
2023-06-28T02:07:00,31,32,30,0,0,0,30
2023-06-28T02:07:30,31,31,30,0,0,0,30
2023-06-28T02:08:00,31,31,30,0,0,0,30
2023-06-28T02:08:30,31,31,30,0,0,0,30
2023-06-28T02:09:00,31,31,30,0,0,0,30
2023-06-28T02:09:30,31,33,30,0,0,0,30
2023-06-28T02:10:00,31,31,30,0,0,0,30
2023-06-28T02:10:30,31,31,30,0,0,0,30
2023-06-28T02:11:00,31,31,30,0,0,0,30
2023-06-28T02:11:30,31,42,30,1,0,0,30
2023-06-28T02:12:00,31,31,30,0,0,0,30
2023-06-28T02:12:30,31,31,30,0,0,0,30
2023-06-28T02:13:00,31,31,30,0,0,0,30
2023-06-28T02:13:30,31,31,30,0,0,0,30
2023-06-28T02:14:00,31,33,30,0,0,0,30
2023-06-28T02:14:30,31,31,30,0,0,0,30
2023-06-28T02:15:00,31,32,30,0,0,0,30
2023-06-28T02:15:30,31,32,30,0,0,0,30
2023-06-28T02:16:00,31,31,30,0,0,0,30
2023-06-28T02:16:30,31,31,30,0,0,0,30
2023-06-28T02:17:00,31,31,30,0,0,0,30
2023-06-28T02:17:30,31,32,30,0,0,0,30
2023-06-28T02:18:00,31,31,30,0,0,0,30
2023-06-28T02:18:30,31,32,30,0,0,0,30
2023-06-28T02:19:00,31,32,30,0,0,0,30
2023-06-28T02:19:30,31,31,30,0,0,0,30
2023-06-28T02:20:00,31,31,30,0,0,0,30
2023-06-28T02:20:30,31,32,30,0,0,0,30
2023-06-28T02:21:00,31,31,30,0,0,0,30
2023-06-28T02:21:30,31,32,30,0,0,0,30
2023-06-28T02:22:00,31,31,30,0,0,0,30
2023-06-28T02:22:30,31,32,30,0,0,0,30
2023-06-28T02:23:00,31,32,30,0,0,0,30
2023-06-28T02:23:30,31,31,30,0,0,0,30
2023-06-28T02:24:00,31,31,30,0,0,0,30
2023-06-28T02:24:30,31,32,30,0,0,0,30
2023-06-28T02:25:00,31,31,30,0,0,0,30
2023-06-28T02:25:30,31,31,30,0,0,0,30
2023-06-28T02:26:00,31,31,30,0,0,0,30
2023-06-28T02:26:30,31,31,30,0,0,0,30
2023-06-28T02:27:00,31,31,30,0,0,0,30
2023-06-28T02:27:30,31,32,30,0,0,0,30
2023-06-28T02:28:00,31,31,30,0,0,0,30
2023-06-28T02:28:30,31,31,30,0,0,0,30
2023-06-28T02:29:00,31,32,30,0,0,0,30
2023-06-28T02:29:30,31,31,30,0,0,0,30
2023-06-28T02:30:00,31,31,30,0,0,0,30
2023-06-28T02:30:30,31,31,30,0,0,0,30
2023-06-28T02:31:00,31,31,30,0,0,0,30
2023-06-28T02:31:30,31,32,30,0,0,0,30
2023-06-28T02:32:00,31,35,30,0,0,0,30
2023-06-28T02:32:30,31,31,30,0,0,0,30
2023-06-28T02:33:00,31,32,30,0,0,0,30
2023-06-28T02:33:30,33,41,30,0,0,0,30
2023-06-28T02:34:00,33,45,30,3,0,0,30
2023-06-28T02:34:30,31,34,30,0,0,0,30
2023-06-28T02:35:00,31,33,30,1,0,0,30
2023-06-28T02:35:30,31,33,30,0,0,0,30
2023-06-28T02:36:00,31,32,30,0,0,0,30
2023-06-28T02:36:30,31,33,30,1,0,0,30
2023-06-28T02:37:00,31,33,30,0,0,0,30
2023-06-28T02:37:30,31,33,30,0,0,0,30
2023-06-28T02:38:00,31,34,30,0,0,0,30
2023-06-28T02:38:30,31,33,30,0,0,0,30
2023-06-28T02:39:00,31,34,30,0,0,0,30
2023-06-28T02:39:30,31,33,31,0,0,0,30
2023-06-28T02:40:00,31,33,30,0,0,0,30
2023-06-28T02:40:30,31,32,31,0,0,0,30
2023-06-28T02:41:00,31,33,30,0,0,0,30
2023-06-28T02:41:30,33,38,31,1,0,0,30
2023-06-28T02:42:00,31,33,31,0,0,0,30
2023-06-28T02:42:30,31,32,31,0,0,0,30
2023-06-28T02:43:00,31,38,30,1,0,0,30
2023-06-28T02:43:30,31,33,30,0,0,0,30
2023-06-28T02:44:00,31,33,31,0,0,0,30
2023-06-28T02:44:30,58,77,30,2,0,0,30
2023-06-28T02:45:00,58,72,30,1,0,0,30
2023-06-28T02:45:30,53,74,30,2,0,0,30
2023-06-28T02:46:00,31,41,30,0,0,0,30
2023-06-28T02:46:30,31,36,30,0,0,0,30
2023-06-28T02:47:00,31,32,30,0,0,0,30
2023-06-28T02:47:30,31,32,30,0,0,0,30
2023-06-28T02:48:00,31,32,30,0,0,0,30
2023-06-28T02:48:30,56,75,30,2,2,1,30
2023-06-28T02:49:00,32,34,30,0,0,0,30
2023-06-28T02:49:30,31,33,30,0,0,0,30
2023-06-28T02:50:00,31,32,30,0,0,0,30
2023-06-28T02:50:30,31,32,30,0,0,0,30
2023-06-28T02:51:00,31,32,30,0,0,0,30
2023-06-28T02:51:30,31,32,30,1,0,0,30
2023-06-28T02:52:00,31,32,30,0,0,0,30
2023-06-28T02:52:30,31,33,30,0,0,0,30
2023-06-28T02:53:00,31,32,30,0,0,0,30
2023-06-28T02:53:30,31,32,30,0,0,0,30
2023-06-28T02:54:00,31,32,30,0,0,0,30
2023-06-28T02:54:30,31,32,30,0,0,0,30
2023-06-28T02:55:00,31,33,30,0,0,0,30
2023-06-28T02:55:30,31,32,30,0,0,0,30
2023-06-28T02:56:00,31,33,30,0,0,0,30
2023-06-28T02:56:30,31,33,30,0,0,0,30
2023-06-28T02:57:00,31,33,30,0,0,0,30
2023-06-28T02:57:30,31,33,30,0,0,0,30
2023-06-28T02:58:00,31,33,30,0,0,0,30
2023-06-28T02:58:30,31,34,30,0,0,0,30
2023-06-28T02:59:00,32,44,30,2,0,0,30
2023-06-28T02:59:30,31,33,30,0,0,0,30
2023-06-28T03:00:00,31,32,30,0,0,0,30
2023-06-28T03:00:30,31,31,30,0,0,0,30
2023-06-28T03:01:00,31,32,30,0,0,0,30
2023-06-28T03:01:30,31,32,30,0,0,0,30
2023-06-28T03:02:00,31,32,30,0,0,0,30
2023-06-28T03:02:30,31,33,30,0,0,0,30
2023-06-28T03:03:00,31,32,30,0,0,0,30
2023-06-28T03:03:30,31,32,30,0,0,0,30
2023-06-28T03:04:00,31,33,30,0,0,0,30
2023-06-28T03:04:30,31,32,30,0,0,0,30
2023-06-28T03:05:00,31,33,30,0,0,0,30
2023-06-28T03:05:30,31,33,30,0,0,0,30
2023-06-28T03:06:00,32,33,30,0,0,0,30
2023-06-28T03:06:30,32,34,30,0,0,0,30
2023-06-28T03:07:00,31,35,30,0,0,0,30
2023-06-28T03:07:30,31,33,30,0,0,0,30
2023-06-28T03:08:00,31,33,30,0,0,0,30
2023-06-28T03:08:30,31,33,30,0,0,0,30
2023-06-28T03:09:00,31,34,30,0,0,0,30
2023-06-28T03:09:30,31,33,30,0,0,0,30
2023-06-28T03:10:00,31,33,30,0,0,0,30
2023-06-28T03:10:30,55,73,30,6,1,0,30
2023-06-28T03:11:00,42,62,30,2,0,0,30
2023-06-28T03:11:30,31,32,30,0,0,0,30
2023-06-28T03:12:00,31,32,30,0,0,0,30
2023-06-28T03:12:30,31,32,30,0,0,0,30
2023-06-28T03:13:00,31,33,30,0,0,0,30
2023-06-28T03:13:30,31,31,30,0,0,0,30
2023-06-28T03:14:00,31,32,30,0,0,0,30
2023-06-28T03:14:30,31,32,30,0,0,0,30
2023-06-28T03:15:00,31,32,30,0,0,0,30
2023-06-28T03:15:30,31,32,30,0,0,0,30
2023-06-28T03:16:00,31,32,30,0,0,0,30
2023-06-28T03:16:30,31,32,30,0,0,0,30
2023-06-28T03:17:00,31,32,30,0,0,0,30
2023-06-28T03:17:30,31,32,30,0,0,0,30
2023-06-28T03:18:00,31,32,30,0,0,0,30
2023-06-28T03:18:30,31,32,30,0,0,0,30
2023-06-28T03:19:00,31,32,30,0,0,0,30
2023-06-28T03:19:30,31,33,30,0,0,0,30
2023-06-28T03:20:00,31,32,30,0,0,0,30
2023-06-28T03:20:30,31,32,30,0,0,0,30
2023-06-28T03:21:00,31,32,30,0,0,0,30
2023-06-28T03:21:30,31,32,30,0,0,0,30
2023-06-28T03:22:00,31,32,30,0,0,0,30
2023-06-28T03:22:30,31,32,30,0,0,0,30
2023-06-28T03:23:00,31,33,30,0,0,0,30
2023-06-28T03:23:30,31,32,30,0,0,0,30
2023-06-28T03:24:00,31,31,30,0,0,0,30
2023-06-28T03:24:30,31,31,30,0,0,0,30
2023-06-28T03:25:00,31,31,30,0,0,0,30
2023-06-28T03:25:30,31,31,30,0,0,0,30
2023-06-28T03:26:00,31,32,30,0,0,0,30
2023-06-28T03:26:30,31,31,30,0,0,0,30
2023-06-28T03:27:00,31,32,30,0,0,0,30
2023-06-28T03:27:30,31,31,30,0,0,0,30
2023-06-28T03:28:00,31,34,30,0,0,0,30
2023-06-28T03:28:30,31,31,30,0,0,0,30
2023-06-28T03:29:00,31,31,30,0,0,0,30
2023-06-28T03:29:30,31,32,30,0,0,0,30
2023-06-28T03:30:00,31,32,30,0,0,0,30
2023-06-28T03:30:30,31,31,30,0,0,0,30
2023-06-28T03:31:00,31,31,30,0,0,0,30
2023-06-28T03:31:30,31,31,30,0,0,0,30
2023-06-28T03:32:00,56,75,30,2,0,0,30
2023-06-28T03:32:30,31,36,30,0,0,0,30
2023-06-28T03:33:00,31,36,30,0,0,0,30
2023-06-28T03:33:30,31,38,30,0,0,0,30
2023-06-28T03:34:00,31,32,30,0,0,0,30
2023-06-28T03:34:30,32,41,30,2,0,0,30
2023-06-28T03:35:00,33,42,30,2,0,0,30
2023-06-28T03:35:30,31,32,30,0,0,0,30
2023-06-28T03:36:00,31,32,30,0,0,0,30
2023-06-28T03:36:30,31,36,30,0,0,0,30
2023-06-28T03:37:00,31,35,30,0,0,0,30
2023-06-28T03:37:30,31,32,30,0,0,0,30
2023-06-28T03:38:00,31,32,30,0,0,0,30
2023-06-28T03:38:30,31,31,30,0,0,0,30
2023-06-28T03:39:00,31,31,30,0,0,0,30
2023-06-28T03:39:30,31,31,30,0,0,0,30
2023-06-28T03:40:00,31,32,30,0,0,0,30
2023-06-28T03:40:30,31,32,30,0,0,0,30
2023-06-28T03:41:00,31,32,30,0,0,0,30
2023-06-28T03:41:30,31,32,30,0,0,0,30
2023-06-28T03:42:00,31,32,30,0,0,0,30
2023-06-28T03:42:30,31,32,30,0,0,0,30
2023-06-28T03:43:00,33,45,30,3,0,0,30
2023-06-28T03:43:30,31,31,30,0,0,0,30
2023-06-28T03:44:00,31,31,30,0,0,0,30
2023-06-28T03:44:30,31,32,30,0,0,0,30
2023-06-28T03:45:00,31,31,30,0,0,0,30
2023-06-28T03:45:30,31,32,30,0,0,0,30
2023-06-28T03:46:00,31,31,30,0,0,0,30
2023-06-28T03:46:30,31,31,30,0,0,0,30
2023-06-28T03:47:00,31,31,30,0,0,0,30
2023-06-28T03:47:30,31,32,30,0,0,0,30
2023-06-28T03:48:00,42,59,30,1,0,0,30
2023-06-28T03:48:30,31,32,30,0,0,0,30
2023-06-28T03:49:00,31,33,30,0,0,0,30
2023-06-28T03:49:30,31,33,30,0,0,0,30
2023-06-28T03:50:00,31,35,30,0,0,0,30
2023-06-28T03:50:30,31,35,31,0,0,0,30
2023-06-28T03:51:00,31,32,30,0,0,0,30
2023-06-28T03:51:30,31,33,30,0,0,0,30
2023-06-28T03:52:00,31,32,30,0,0,0,30
2023-06-28T03:52:30,31,33,30,0,0,0,30
2023-06-28T03:53:00,31,33,30,0,0,0,30
2023-06-28T03:53:30,31,34,30,0,0,0,30
2023-06-28T03:54:00,31,33,30,0,0,0,30
2023-06-28T03:54:30,31,32,30,0,0,0,30
2023-06-28T03:55:00,31,33,30,0,0,0,30
2023-06-28T03:55:30,31,32,30,0,0,0,30
2023-06-28T03:56:00,31,32,30,0,0,0,30
2023-06-28T03:56:30,31,33,31,0,0,0,30
2023-06-28T03:57:00,31,32,30,0,0,0,30
2023-06-28T03:57:30,31,33,30,0,0,0,30
2023-06-28T03:58:00,31,33,30,0,0,0,30
2023-06-28T03:58:30,31,33,30,0,0,0,30
2023-06-28T03:59:00,31,33,30,0,0,0,30
2023-06-28T03:59:30,31,32,30,0,0,0,30
2023-06-28T04:00:00,31,33,30,0,0,0,30
2023-06-28T04:00:30,31,33,30,0,0,0,30
2023-06-28T04:01:00,31,32,30,0,0,0,30
2023-06-28T04:01:30,31,32,30,0,0,0,30
2023-06-28T04:02:00,31,32,30,0,0,0,30
2023-06-28T04:02:30,31,33,30,0,0,0,30
2023-06-28T04:03:00,31,34,30,0,0,0,30
2023-06-28T04:03:30,31,38,30,0,0,0,30
2023-06-28T04:04:00,31,32,30,0,0,0,30
2023-06-28T04:04:30,31,33,30,0,0,0,30
2023-06-28T04:05:00,31,34,30,0,0,0,30
2023-06-28T04:05:30,31,34,30,0,0,0,30
2023-06-28T04:06:00,31,41,30,0,0,0,30
2023-06-28T04:06:30,31,33,30,0,0,0,30
2023-06-28T04:07:00,31,33,30,0,0,0,30
2023-06-28T04:07:30,31,33,30,0,0,0,30
2023-06-28T04:08:00,31,33,30,0,0,0,30
2023-06-28T04:08:30,31,34,30,0,0,0,30
2023-06-28T04:09:00,31,32,30,0,0,0,30
2023-06-28T04:09:30,31,33,30,0,0,0,30
2023-06-28T04:10:00,31,32,30,0,0,0,30
2023-06-28T04:10:30,31,33,30,0,0,0,30
2023-06-28T04:11:00,31,33,30,0,0,0,30
2023-06-28T04:11:30,31,34,30,0,0,0,30
2023-06-28T04:12:00,31,34,30,0,0,0,30
2023-06-28T04:12:30,44,65,30,0,0,0,30
2023-06-28T04:13:00,64,80,30,3,0,0,30
2023-06-28T04:13:30,31,32,30,0,0,0,30
2023-06-28T04:14:00,31,32,30,0,0,0,30
2023-06-28T04:14:30,31,32,30,0,0,0,30
2023-06-28T04:15:00,31,32,30,0,0,0,30
2023-06-28T04:15:30,31,35,30,0,0,0,30
2023-06-28T04:16:00,31,33,30,0,0,0,30
2023-06-28T04:16:30,32,36,30,0,0,0,30
2023-06-28T04:17:00,31,32,30,0,0,0,30
2023-06-28T04:17:30,31,32,30,0,0,0,30
2023-06-28T04:18:00,31,33,30,0,0,0,30
2023-06-28T04:18:30,31,32,30,0,0,0,30
2023-06-28T04:19:00,33,47,30,0,0,0,30
2023-06-28T04:19:30,47,65,30,2,0,0,30
2023-06-28T04:20:00,31,31,30,0,0,0,30
2023-06-28T04:20:30,31,32,30,0,0,0,30
2023-06-28T04:21:00,31,31,30,0,0,0,30
2023-06-28T04:21:30,31,33,30,0,0,0,30
2023-06-28T04:22:00,45,62,30,3,0,0,30
2023-06-28T04:22:30,31,31,30,0,0,0,30
2023-06-28T04:23:00,31,35,30,1,0,0,30
2023-06-28T04:23:30,31,31,30,0,0,0,30
2023-06-28T04:24:00,31,34,30,0,0,0,30
2023-06-28T04:24:30,31,33,30,1,0,0,30
2023-06-28T04:25:00,35,52,30,2,0,0,30
2023-06-28T04:25:30,32,43,30,2,0,0,30
2023-06-28T04:26:00,31,32,30,1,0,0,30
2023-06-28T04:26:30,31,31,30,0,0,0,30
2023-06-28T04:27:00,31,31,30,0,0,0,30
2023-06-28T04:27:30,31,38,30,0,0,0,30
2023-06-28T04:28:00,53,73,30,1,0,0,30
2023-06-28T04:28:30,31,32,30,0,0,0,30
2023-06-28T04:29:00,31,33,30,0,0,0,30
2023-06-28T04:29:30,31,37,30,0,0,0,30
2023-06-28T04:30:00,31,32,30,0,0,0,30
2023-06-28T04:30:30,31,32,30,0,0,0,30
2023-06-28T04:31:00,31,33,30,0,0,0,30
2023-06-28T04:31:30,31,33,30,0,0,0,30
2023-06-28T04:32:00,31,32,30,0,0,0,30
2023-06-28T04:32:30,31,33,30,0,0,0,30
2023-06-28T04:33:00,31,36,30,0,0,0,30
2023-06-28T04:33:30,51,69,30,1,0,0,30
2023-06-28T04:34:00,31,36,30,0,0,0,30
2023-06-28T04:34:30,50,66,30,3,0,0,30
2023-06-28T04:35:00,37,47,31,3,0,0,30
2023-06-28T04:35:30,32,39,30,0,0,0,30
2023-06-28T04:36:00,32,34,30,0,0,0,30
2023-06-28T04:36:30,32,35,30,0,0,0,30
2023-06-28T04:37:00,31,39,30,0,0,0,30
2023-06-28T04:37:30,31,35,30,0,0,0,30
2023-06-28T04:38:00,51,68,30,1,0,0,30
2023-06-28T04:38:30,66,84,30,4,0,0,30
2023-06-28T04:39:00,31,37,30,1,0,0,30
2023-06-28T04:39:30,31,34,30,0,0,0,30
2023-06-28T04:40:00,31,32,30,0,0,0,30
2023-06-28T04:40:30,31,32,30,0,0,0,30
2023-06-28T04:41:00,31,31,30,0,0,0,30
2023-06-28T04:41:30,31,32,30,0,0,0,30
2023-06-28T04:42:00,31,37,30,0,0,0,30
2023-06-28T04:42:30,31,32,30,0,0,0,30
2023-06-28T04:43:00,31,33,30,0,0,0,30
2023-06-28T04:43:30,31,33,30,0,0,0,30
2023-06-28T04:44:00,31,32,30,0,0,0,30
2023-06-28T04:44:30,31,32,30,0,0,0,30
2023-06-28T04:45:00,31,32,30,0,0,0,30
2023-06-28T04:45:30,31,32,30,0,0,0,30
2023-06-28T04:46:00,54,71,30,2,0,0,30
2023-06-28T04:46:30,33,37,31,0,0,0,30
2023-06-28T04:47:00,33,38,31,0,0,0,30
2023-06-28T04:47:30,36,51,30,3,0,0,30
2023-06-28T04:48:00,32,37,30,0,0,0,30
2023-06-28T04:48:30,31,33,30,0,0,0,30
2023-06-28T04:49:00,31,35,30,1,0,0,30
2023-06-28T04:49:30,31,32,30,0,0,0,30
2023-06-28T04:50:00,31,32,30,0,0,0,30
2023-06-28T04:50:30,31,33,30,0,0,0,30
2023-06-28T04:51:00,31,32,30,0,0,0,30
2023-06-28T04:51:30,31,33,30,0,0,0,30
2023-06-28T04:52:00,31,33,30,0,0,0,30
2023-06-28T04:52:30,32,39,30,1,0,0,30
2023-06-28T04:53:00,32,35,30,0,0,0,30
2023-06-28T04:53:30,31,33,30,0,0,0,30
2023-06-28T04:54:00,31,33,30,0,0,0,30
2023-06-28T04:54:30,32,44,30,2,0,0,30
2023-06-28T04:55:00,32,38,30,0,0,0,30
2023-06-28T04:55:30,32,37,30,0,0,0,30
2023-06-28T04:56:00,38,51,30,2,0,0,30
2023-06-28T04:56:30,31,33,30,0,0,0,30
2023-06-28T04:57:00,32,40,30,0,0,0,30
2023-06-28T04:57:30,31,31,30,0,0,0,30
2023-06-28T04:58:00,32,40,30,2,0,0,30
2023-06-28T04:58:30,31,32,30,0,0,0,30
2023-06-28T04:59:00,32,39,30,1,0,0,30
2023-06-28T04:59:30,68,90,29,1,1,0,30
2023-06-28T05:00:00,30,31,29,2,0,0,30
2023-06-28T05:00:30,30,35,29,0,0,0,30
2023-06-28T05:01:00,30,30,29,0,0,0,30
2023-06-28T05:01:30,30,30,29,0,0,0,30
2023-06-28T05:02:00,30,30,29,0,0,0,30
2023-06-28T05:02:30,30,30,29,0,0,0,30
2023-06-28T05:03:00,30,31,29,0,0,0,30
2023-06-28T05:03:30,30,34,29,2,0,0,30
2023-06-28T05:04:00,30,30,29,0,0,0,30
2023-06-28T05:04:30,30,30,29,0,0,0,30
2023-06-28T05:05:00,30,30,29,0,0,0,30
2023-06-28T05:05:30,30,33,29,0,0,0,30
2023-06-28T05:06:00,30,30,29,0,0,0,30
2023-06-28T05:06:30,30,30,29,0,0,0,30
2023-06-28T05:07:00,30,30,29,0,0,0,30
2023-06-28T05:07:30,30,30,29,0,0,0,30
2023-06-28T05:08:00,30,31,29,0,0,0,30
2023-06-28T05:08:30,30,30,29,0,0,0,30
2023-06-28T05:09:00,30,30,29,0,0,0,30
2023-06-28T05:09:30,30,30,29,0,0,0,30
2023-06-28T05:10:00,30,31,29,0,0,0,30
2023-06-28T05:10:30,30,30,29,0,0,0,30
2023-06-28T05:11:00,30,37,29,1,0,0,30
2023-06-28T05:11:30,30,30,29,0,0,0,30
2023-06-28T05:12:00,30,30,29,0,0,0,30
2023-06-28T05:12:30,30,30,29,0,0,0,30
2023-06-28T05:13:00,30,30,29,0,0,0,30
2023-06-28T05:13:30,30,30,29,0,0,0,30
2023-06-28T05:14:00,30,31,29,0,0,0,30
2023-06-28T05:14:30,30,31,29,2,0,0,30
2023-06-28T05:15:00,30,30,29,0,0,0,30
2023-06-28T05:15:30,30,30,29,0,0,0,30
2023-06-28T05:16:00,30,30,29,0,0,0,30
2023-06-28T05:16:30,30,30,29,0,0,0,30
2023-06-28T05:17:00,30,30,29,0,0,0,30
2023-06-28T05:17:30,30,30,29,0,0,0,30
2023-06-28T05:18:00,30,31,29,0,0,0,30
2023-06-28T05:18:30,30,30,29,0,0,0,30
2023-06-28T05:19:00,30,30,29,0,0,0,30
2023-06-28T05:19:30,30,30,29,0,0,0,30
2023-06-28T05:20:00,30,30,29,0,0,0,30
2023-06-28T05:20:30,30,30,29,0,0,0,30
2023-06-28T05:21:00,30,30,29,0,0,0,30
2023-06-28T05:21:30,30,30,29,0,0,0,30
2023-06-28T05:22:00,30,30,29,0,0,0,30
2023-06-28T05:22:30,30,33,29,2,0,0,30
2023-06-28T05:23:00,30,30,29,0,0,0,30
2023-06-28T05:23:30,30,33,29,0,0,0,30
2023-06-28T05:24:00,30,30,29,0,0,0,30
2023-06-28T05:24:30,30,30,29,0,0,0,30
2023-06-28T05:25:00,30,30,29,0,0,0,30
2023-06-28T05:25:30,30,31,29,0,0,0,30
2023-06-28T05:26:00,59,76,29,2,1,0,30
2023-06-28T05:26:30,53,71,30,1,0,0,30
2023-06-28T05:27:00,31,34,30,0,0,0,30
2023-06-28T05:27:30,31,32,30,0,0,0,30
2023-06-28T05:28:00,31,39,30,0,0,0,30
2023-06-28T05:28:30,46,70,30,1,0,0,30
2023-06-28T05:29:00,31,37,30,0,0,0,30
2023-06-28T05:29:30,31,34,30,0,0,0,30
2023-06-28T05:30:00,37,59,30,2,0,0,30
2023-06-28T05:30:30,31,31,30,0,0,0,30
2023-06-28T05:31:00,31,35,30,0,0,0,30
2023-06-28T05:31:30,31,32,30,0,0,0,30
2023-06-28T05:32:00,31,32,30,0,0,0,30
2023-06-28T05:32:30,31,31,30,0,0,0,30
2023-06-28T05:33:00,31,36,30,0,0,0,30
2023-06-28T05:33:30,31,32,30,0,0,0,30
2023-06-28T05:34:00,31,31,30,0,0,0,30
2023-06-28T05:34:30,31,32,30,0,0,0,30
2023-06-28T05:35:00,31,31,30,0,0,0,30
2023-06-28T05:35:30,31,31,30,0,0,0,30
2023-06-28T05:36:00,31,31,30,0,0,0,30
2023-06-28T05:36:30,31,32,30,0,0,0,30
2023-06-28T05:37:00,31,31,30,0,0,0,30
2023-06-28T05:37:30,31,31,30,0,0,0,30
2023-06-28T05:38:00,31,38,30,0,0,0,30
2023-06-28T05:38:30,31,31,30,0,0,0,30
2023-06-28T05:39:00,31,32,30,0,0,0,30
2023-06-28T05:39:30,31,32,30,0,0,0,30
2023-06-28T05:40:00,31,31,30,0,0,0,30
2023-06-28T05:40:30,31,32,30,0,0,0,30
2023-06-28T05:41:00,31,32,30,0,0,0,30
2023-06-28T05:41:30,31,32,30,0,0,0,30
2023-06-28T05:42:00,31,32,30,0,0,0,30
2023-06-28T05:42:30,31,32,30,0,0,0,30
2023-06-28T05:43:00,31,34,30,0,0,0,30
2023-06-28T05:43:30,31,31,30,0,0,0,30
2023-06-28T05:44:00,31,32,30,0,0,0,30
2023-06-28T05:44:30,31,33,30,0,0,0,30
2023-06-28T05:45:00,31,32,30,0,0,0,30
2023-06-28T05:45:30,31,31,30,0,0,0,30
2023-06-28T05:46:00,31,33,30,0,0,0,30
2023-06-28T05:46:30,31,32,30,0,0,0,30
2023-06-28T05:47:00,31,32,30,0,0,0,30
2023-06-28T05:47:30,31,34,30,0,0,0,30
2023-06-28T05:48:00,31,31,30,0,0,0,30
2023-06-28T05:48:30,31,32,30,0,0,0,30
2023-06-28T05:49:00,31,31,30,0,0,0,30
2023-06-28T05:49:30,31,32,30,0,0,0,30
2023-06-28T05:50:00,31,32,30,0,0,0,30
2023-06-28T05:50:30,31,31,30,0,0,0,30
2023-06-28T05:51:00,31,35,30,0,0,0,30
2023-06-28T05:51:30,33,45,30,1,0,0,30
2023-06-28T05:52:00,31,34,30,0,0,0,30
2023-06-28T05:52:30,31,32,30,0,0,0,30
2023-06-28T05:53:00,31,34,30,1,0,0,30
2023-06-28T05:53:30,31,34,30,4,0,0,30
2023-06-28T05:54:00,31,33,30,0,0,0,30
2023-06-28T05:54:30,31,35,30,0,0,0,30
2023-06-28T05:55:00,31,38,30,2,0,0,30
2023-06-28T05:55:30,31,33,30,1,0,0,30
2023-06-28T05:56:00,31,37,30,1,0,0,30
2023-06-28T05:56:30,31,35,30,1,0,0,30
2023-06-28T05:57:00,31,34,30,1,0,0,30
2023-06-28T05:57:30,31,34,30,0,0,0,30
2023-06-28T05:58:00,31,34,30,0,0,0,30
2023-06-28T05:58:30,31,32,30,0,0,0,30
2023-06-28T05:59:00,31,34,30,1,0,0,30
2023-06-28T05:59:30,31,38,30,2,0,0,30
2023-06-28T06:00:00,31,38,30,2,0,0,30
2023-06-28T06:00:30,31,35,30,2,0,0,30
2023-06-28T06:01:00,31,36,30,2,0,0,30
2023-06-28T06:01:30,31,35,30,0,0,0,30
2023-06-28T06:02:00,31,35,30,1,0,0,30
2023-06-28T06:02:30,31,35,30,1,0,0,30
2023-06-28T06:03:00,31,33,30,0,0,0,30
2023-06-28T06:03:30,31,34,30,0,0,0,30
2023-06-28T06:04:00,31,34,30,2,0,0,30
2023-06-28T06:04:30,31,36,30,0,0,0,30
2023-06-28T06:05:00,31,36,30,2,0,0,30
2023-06-28T06:05:30,31,34,30,0,0,0,30
2023-06-28T06:06:00,31,34,30,1,0,0,30
2023-06-28T06:06:30,31,36,30,0,0,0,30
2023-06-28T06:07:00,60,78,30,3,2,1,30
2023-06-28T06:07:30,31,34,30,0,0,0,30
2023-06-28T06:08:00,31,32,30,0,0,0,30
2023-06-28T06:08:30,31,32,30,0,0,0,30
2023-06-28T06:09:00,31,32,30,0,0,0,30
2023-06-28T06:09:30,31,32,30,0,0,0,30
2023-06-28T06:10:00,31,33,30,0,0,0,30
2023-06-28T06:10:30,31,32,30,0,0,0,30
2023-06-28T06:11:00,31,37,30,0,0,0,30
2023-06-28T06:11:30,31,33,30,0,0,0,30
2023-06-28T06:12:00,31,32,30,0,0,0,30
2023-06-28T06:12:30,31,32,30,0,0,0,30
2023-06-28T06:13:00,31,35,30,0,0,0,30
2023-06-28T06:13:30,31,33,30,0,0,0,30
2023-06-28T06:14:00,31,32,30,0,0,0,30
2023-06-28T06:14:30,31,43,30,1,0,0,30
2023-06-28T06:15:00,31,32,30,0,0,0,30
2023-06-28T06:15:30,31,32,30,0,0,0,30
2023-06-28T06:16:00,31,32,30,0,0,0,30
2023-06-28T06:16:30,31,32,30,0,0,0,30
2023-06-28T06:17:00,31,34,30,0,0,0,30
2023-06-28T06:17:30,31,32,30,0,0,0,30
2023-06-28T06:18:00,31,37,30,0,0,0,30
2023-06-28T06:18:30,31,32,30,0,0,0,30
2023-06-28T06:19:00,31,32,30,0,0,0,30
2023-06-28T06:19:30,31,32,30,0,0,0,30
2023-06-28T06:20:00,31,33,30,0,0,0,30
2023-06-28T06:20:30,31,32,30,0,0,0,30
2023-06-28T06:21:00,31,32,30,0,0,0,30
2023-06-28T06:21:30,31,32,30,0,0,0,30
2023-06-28T06:22:00,31,36,30,0,0,0,30
2023-06-28T06:22:30,31,33,30,0,0,0,30
2023-06-28T06:23:00,31,32,30,0,0,0,30
2023-06-28T06:23:30,31,32,30,0,0,0,30
2023-06-28T06:24:00,31,32,30,0,0,0,30
2023-06-28T06:24:30,31,32,30,0,0,0,30
2023-06-28T06:25:00,31,36,30,0,0,0,30
2023-06-28T06:25:30,31,32,30,0,0,0,30
2023-06-28T06:26:00,31,32,30,0,0,0,30
2023-06-28T06:26:30,31,32,30,0,0,0,30
2023-06-28T06:27:00,31,32,30,0,0,0,30
2023-06-28T06:27:30,31,32,30,0,0,0,30
2023-06-28T06:28:00,31,32,30,0,0,0,30
2023-06-28T06:28:30,31,32,30,0,0,0,30
2023-06-28T06:29:00,31,32,30,0,0,0,30
2023-06-28T06:29:30,31,32,30,0,0,0,30
2023-06-28T06:30:00,31,32,30,0,0,0,30
2023-06-28T06:30:30,31,32,30,0,0,0,30
2023-06-28T06:31:00,31,39,30,0,0,0,30
2023-06-28T06:31:30,31,32,30,0,0,0,30
2023-06-28T06:32:00,31,32,30,0,0,0,30
2023-06-28T06:32:30,31,33,30,0,0,0,30
2023-06-28T06:33:00,31,35,30,0,0,0,30
2023-06-28T06:33:30,31,36,30,0,0,0,30
2023-06-28T06:34:00,31,32,30,0,0,0,30
2023-06-28T06:34:30,31,35,30,0,0,0,30
2023-06-28T06:35:00,31,32,30,0,0,0,30
2023-06-28T06:35:30,31,32,30,0,0,0,30
2023-06-28T06:36:00,31,32,30,0,0,0,30
2023-06-28T06:36:30,31,32,30,0,0,0,30
2023-06-28T06:37:00,31,33,30,0,0,0,30
2023-06-28T06:37:30,31,32,30,0,0,0,30
2023-06-28T06:38:00,31,32,30,0,0,0,30
2023-06-28T06:38:30,31,32,30,0,0,0,30
2023-06-28T06:39:00,31,35,30,0,0,0,30
2023-06-28T06:39:30,31,32,30,0,0,0,30
2023-06-28T06:40:00,47,60,30,1,0,0,30
2023-06-28T06:40:30,32,39,30,0,0,0,30
2023-06-28T06:41:00,31,36,30,0,0,0,30
2023-06-28T06:41:30,31,36,30,0,0,0,30
2023-06-28T06:42:00,31,37,30,0,0,0,30
2023-06-28T06:42:30,31,35,30,0,0,0,30
2023-06-28T06:43:00,31,33,30,0,0,0,30
2023-06-28T06:43:30,31,34,30,0,0,0,30
2023-06-28T06:44:00,34,45,30,3,0,0,30
2023-06-28T06:44:30,61,79,30,2,0,0,30
2023-06-28T06:45:00,39,57,29,3,0,0,30
2023-06-28T06:45:30,38,59,29,2,1,0,30
2023-06-28T06:46:00,43,60,30,1,0,0,30
2023-06-28T06:46:30,32,48,30,1,0,0,30
2023-06-28T06:47:00,31,34,30,0,0,0,30
2023-06-28T06:47:30,31,40,30,0,0,0,30
2023-06-28T06:48:00,60,77,30,2,1,0,30
2023-06-28T06:48:30,66,85,30,1,0,0,30
2023-06-28T06:49:00,58,75,31,0,0,0,30
2023-06-28T06:49:30,49,68,30,2,1,0,30
2023-06-28T06:50:00,35,45,30,3,0,0,30
2023-06-28T06:50:30,35,50,30,3,0,0,30
2023-06-28T06:51:00,50,68,30,5,0,0,30
2023-06-28T06:51:30,46,60,30,9,4,1,30
2023-06-28T06:52:00,58,67,30,0,0,0,30
2023-06-28T06:52:30,58,73,30,5,1,0,30
2023-06-28T06:53:00,57,70,30,3,2,1,30
2023-06-28T06:53:30,60,71,31,3,1,0,30
2023-06-28T06:54:00,36,51,30,5,0,0,30
2023-06-28T09:17:30,54,75,30,0,0,0,30
2023-06-28T09:34:30,50,75,29,0,0,0,30
2023-06-28T09:35:00,38,48,29,0,0,0,30
2023-06-28T09:35:30,30,36,29,0,0,0,30
2023-06-28T09:36:00,32,48,29,2,0,0,30
2023-06-28T09:36:30,34,50,29,3,0,0,30
2023-06-28T09:37:00,39,49,29,1,0,0,30
2023-06-28T09:37:30,36,50,29,2,0,0,30
2023-06-28T09:38:00,45,62,29,5,0,0,30
2023-06-28T23:56:30,50,75,29,0,0,0,30
2023-06-28T23:57:00,30,35,29,1,0,0,30
2023-06-28T23:57:30,34,53,29,4,1,0,30
2023-06-28T23:58:00,56,75,29,5,1,0,30