recorded_time,temperature,sensor_type
2022-11-02T00:00,-2.9678571428571416,UNKNOWN
2022-11-02T00:01,-3.167857142857141,UNKNOWN
2022-11-02T00:02,-3.567857142857143,UNKNOWN
2022-11-02T00:03,-2.9678571428571416,UNKNOWN
2022-11-02T00:04,-2.2678571428571423,UNKNOWN
2022-11-02T00:05,-2.067857142857143,UNKNOWN
2022-11-02T00:06,-1.667857142857141,UNKNOWN
2022-11-02T00:07,-1.4678571428571416,UNKNOWN
2022-11-02T00:08,-1.2678571428571423,UNKNOWN
2022-11-02T00:09,-0.7678571428571423,UNKNOWN
2022-11-02T00:10,-0.5678571428571431,UNKNOWN
2022-11-02T00:11,-0.36785714285714377,UNKNOWN
2022-11-02T00:12,-0.36785714285714377,UNKNOWN
2022-11-02T00:13,-0.16785714285714093,UNKNOWN
2022-11-02T00:14,0.03214285714285836,UNKNOWN
2022-11-02T00:15,0.03214285714285836,UNKNOWN
2022-11-02T00:16,0.33214285714285907,UNKNOWN
2022-11-02T00:17,0.33214285714285907,UNKNOWN
2022-11-02T00:18,0.5321428571428548,UNKNOWN
2022-11-02T00:19,0.5321428571428548,UNKNOWN
2022-11-02T00:20,0.7321428571428577,UNKNOWN
2022-11-02T00:21,0.7321428571428577,UNKNOWN
2022-11-02T00:22,0.9321428571428605,UNKNOWN
2022-11-02T00:23,0.9321428571428605,UNKNOWN
2022-11-02T00:24,1.1321428571428562,UNKNOWN
2022-11-02T00:25,1.1321428571428562,UNKNOWN
2022-11-02T00:26,1.1321428571428562,UNKNOWN
2022-11-02T00:27,1.4321428571428605,UNKNOWN
2022-11-02T00:28,1.1321428571428562,UNKNOWN
2022-11-02T00:29,1.1321428571428562,UNKNOWN
2022-11-02T00:30,1.1321428571428562,UNKNOWN
2022-11-02T00:31,1.4321428571428605,UNKNOWN
2022-11-02T00:32,1.4321428571428605,UNKNOWN
2022-11-02T00:33,1.4321428571428605,UNKNOWN
2022-11-02T00:34,1.6321428571428562,UNKNOWN
2022-11-02T00:35,1.6321428571428562,UNKNOWN
2022-11-02T00:36,1.832142857142859,UNKNOWN
2022-11-02T00:37,1.832142857142859,UNKNOWN
2022-11-02T00:38,2.032142857142855,UNKNOWN
2022-11-02T00:39,2.032142857142855,UNKNOWN
2022-11-02T00:40,2.032142857142855,UNKNOWN
2022-11-02T00:41,2.032142857142855,UNKNOWN
2022-11-02T00:42,2.332142857142859,UNKNOWN
2022-11-02T00:43,2.332142857142859,UNKNOWN
2022-11-02T00:44,2.532142857142855,UNKNOWN
2022-11-02T00:45,2.532142857142855,UNKNOWN
2022-11-02T00:46,2.532142857142855,UNKNOWN
2022-11-02T00:47,2.532142857142855,UNKNOWN
2022-11-02T00:48,2.7321428571428577,UNKNOWN
2022-11-02T00:49,2.7321428571428577,UNKNOWN
2022-11-02T00:50,2.7321428571428577,UNKNOWN
2022-11-02T00:51,2.7321428571428577,UNKNOWN
2022-11-02T00:52,2.7321428571428577,UNKNOWN
2022-11-02T00:53,2.7321428571428577,UNKNOWN
2022-11-02T00:54,2.9321428571428605,UNKNOWN
2022-11-02T00:55,2.7321428571428577,UNKNOWN
2022-11-02T00:56,2.7321428571428577,UNKNOWN
2022-11-02T00:57,1.832142857142859,UNKNOWN
2022-11-02T00:58,1.4321428571428605,UNKNOWN
2022-11-02T00:59,0.9321428571428605,UNKNOWN
2022-11-02T01:00,0.9321428571428605,UNKNOWN
2022-11-02T01:01,1.1321428571428562,UNKNOWN
2022-11-02T01:02,1.4321428571428605,UNKNOWN
2022-11-02T01:03,1.6321428571428562,UNKNOWN
2022-11-02T01:04,1.4321428571428605,UNKNOWN
2022-11-02T01:05,0.9321428571428605,UNKNOWN
2022-11-02T01:06,0.7321428571428577,UNKNOWN
2022-11-02T01:07,0.5321428571428548,UNKNOWN
2022-11-02T01:08,0.5321428571428548,UNKNOWN
2022-11-02T01:09,0.33214285714285907,UNKNOWN
2022-11-02T01:10,0.03214285714285836,UNKNOWN
2022-11-02T01:11,0.03214285714285836,UNKNOWN
2022-11-02T01:12,-0.16785714285714093,UNKNOWN
2022-11-02T01:13,-0.16785714285714093,UNKNOWN
2022-11-02T01:14,-0.16785714285714093,UNKNOWN
2022-11-02T01:15,-0.16785714285714093,UNKNOWN
2022-11-02T01:16,-0.16785714285714093,UNKNOWN
2022-11-02T01:17,-0.16785714285714093,UNKNOWN
2022-11-02T01:18,-0.16785714285714093,UNKNOWN
2022-11-02T01:19,-0.16785714285714093,UNKNOWN
2022-11-02T01:20,-0.16785714285714093,UNKNOWN
2022-11-02T01:21,0.03214285714285836,UNKNOWN
2022-11-02T01:22,0.03214285714285836,UNKNOWN
2022-11-02T01:23,0.03214285714285836,UNKNOWN
2022-11-02T01:24,0.5321428571428548,UNKNOWN
2022-11-02T01:25,0.7321428571428577,UNKNOWN
2022-11-02T01:26,0.9321428571428605,UNKNOWN
2022-11-02T01:27,1.1321428571428562,UNKNOWN
2022-11-02T01:28,1.1321428571428562,UNKNOWN
2022-11-02T01:29,1.4321428571428605,UNKNOWN
2022-11-02T01:30,1.6321428571428562,UNKNOWN
2022-11-02T01:31,1.6321428571428562,UNKNOWN
2022-11-02T01:32,1.832142857142859,UNKNOWN
2022-11-02T01:33,1.832142857142859,UNKNOWN
2022-11-02T01:34,1.832142857142859,UNKNOWN
2022-11-02T01:35,2.032142857142855,UNKNOWN
2022-11-02T01:36,2.032142857142855,UNKNOWN
2022-11-02T01:37,2.032142857142855,UNKNOWN
2022-11-02T01:38,1.832142857142859,UNKNOWN
2022-11-02T01:39,1.832142857142859,UNKNOWN
2022-11-02T01:40,1.832142857142859,UNKNOWN
2022-11-02T01:41,1.832142857142859,UNKNOWN
2022-11-02T01:42,1.832142857142859,UNKNOWN
2022-11-02T01:43,1.832142857142859,UNKNOWN
2022-11-02T01:44,1.832142857142859,UNKNOWN
2022-11-02T01:45,1.832142857142859,UNKNOWN
2022-11-02T01:46,1.832142857142859,UNKNOWN
2022-11-02T01:47,1.832142857142859,UNKNOWN
2022-11-02T01:48,1.6321428571428562,UNKNOWN
2022-11-02T01:49,1.6321428571428562,UNKNOWN
2022-11-02T01:50,1.6321428571428562,UNKNOWN
2022-11-02T01:51,1.6321428571428562,UNKNOWN
2022-11-02T01:52,1.6321428571428562,UNKNOWN
2022-11-02T01:53,1.6321428571428562,UNKNOWN
2022-11-02T01:54,1.6321428571428562,UNKNOWN
2022-11-02T01:55,1.6321428571428562,UNKNOWN
2022-11-02T01:56,1.6321428571428562,UNKNOWN
2022-11-02T01:57,1.4321428571428605,UNKNOWN
2022-11-02T01:58,0.7321428571428577,UNKNOWN
2022-11-02T01:59,0.33214285714285907,UNKNOWN
2022-11-02T02:00,-0.16785714285714093,UNKNOWN
2022-11-02T02:01,-0.5678571428571431,UNKNOWN
2022-11-02T02:02,-0.9678571428571416,UNKNOWN
2022-11-02T02:03,-1.2678571428571423,UNKNOWN
2022-11-02T02:04,-1.4678571428571416,UNKNOWN
2022-11-02T02:05,-1.667857142857141,UNKNOWN
2022-11-02T02:06,-1.667857142857141,UNKNOWN
2022-11-02T02:07,-1.8678571428571438,UNKNOWN
2022-11-02T02:08,-1.667857142857141,UNKNOWN
2022-11-02T02:09,-1.4678571428571416,UNKNOWN
2022-11-02T02:10,-1.2678571428571423,UNKNOWN
2022-11-02T02:11,-0.9678571428571416,UNKNOWN
2022-11-02T02:12,-0.9678571428571416,UNKNOWN
2022-11-02T02:13,-0.7678571428571423,UNKNOWN
2022-11-02T02:14,-0.5678571428571431,UNKNOWN
2022-11-02T02:15,-0.36785714285714377,UNKNOWN
2022-11-02T02:16,-0.16785714285714093,UNKNOWN
2022-11-02T02:17,0.03214285714285836,UNKNOWN
2022-11-02T02:18,0.03214285714285836,UNKNOWN
2022-11-02T02:19,-0.36785714285714377,UNKNOWN
2022-11-02T02:20,-0.5678571428571431,UNKNOWN
2022-11-02T02:21,-0.5678571428571431,UNKNOWN
2022-11-02T02:22,-0.36785714285714377,UNKNOWN
2022-11-02T02:23,-0.16785714285714093,UNKNOWN
2022-11-02T02:24,0.03214285714285836,UNKNOWN
2022-11-02T02:25,0.03214285714285836,UNKNOWN
2022-11-02T02:26,0.33214285714285907,UNKNOWN
2022-11-02T02:27,0.33214285714285907,UNKNOWN
2022-11-02T02:28,0.5321428571428548,UNKNOWN
2022-11-02T02:29,0.5321428571428548,UNKNOWN
2022-11-02T02:30,0.5321428571428548,UNKNOWN
2022-11-02T02:31,0.7321428571428577,UNKNOWN
2022-11-02T02:32,0.7321428571428577,UNKNOWN
2022-11-02T02:33,0.7321428571428577,UNKNOWN
2022-11-02T02:34,0.9321428571428605,UNKNOWN
2022-11-02T02:35,0.9321428571428605,UNKNOWN
2022-11-02T02:36,0.9321428571428605,UNKNOWN
2022-11-02T02:37,0.9321428571428605,UNKNOWN
2022-11-02T02:38,1.1321428571428562,UNKNOWN
2022-11-02T02:39,1.1321428571428562,UNKNOWN
2022-11-02T02:40,1.1321428571428562,UNKNOWN
2022-11-02T02:41,1.1321428571428562,UNKNOWN
2022-11-02T02:42,1.1321428571428562,UNKNOWN
2022-11-02T02:43,1.4321428571428605,UNKNOWN
2022-11-02T02:44,1.4321428571428605,UNKNOWN
2022-11-02T02:45,1.4321428571428605,UNKNOWN
2022-11-02T02:46,1.4321428571428605,UNKNOWN
2022-11-02T02:47,1.4321428571428605,UNKNOWN
2022-11-02T02:48,1.4321428571428605,UNKNOWN
2022-11-02T02:49,1.4321428571428605,UNKNOWN
2022-11-02T02:50,1.6321428571428562,UNKNOWN
2022-11-02T02:51,1.6321428571428562,UNKNOWN
2022-11-02T02:52,1.832142857142859,UNKNOWN
2022-11-02T02:53,1.832142857142859,UNKNOWN
2022-11-02T02:54,1.832142857142859,UNKNOWN
2022-11-02T02:55,2.032142857142855,UNKNOWN
2022-11-02T02:56,2.032142857142855,UNKNOWN
2022-11-02T02:57,2.032142857142855,UNKNOWN
2022-11-02T02:58,2.032142857142855,UNKNOWN
2022-11-02T02:59,2.032142857142855,UNKNOWN
2022-11-02T03:00,2.032142857142855,UNKNOWN
2022-11-02T03:01,1.832142857142859,UNKNOWN
2022-11-02T03:02,1.832142857142859,UNKNOWN
2022-11-02T03:03,1.6321428571428562,UNKNOWN
2022-11-02T03:04,1.6321428571428562,UNKNOWN
2022-11-02T03:05,1.4321428571428605,UNKNOWN
2022-11-02T03:06,1.6321428571428562,UNKNOWN
2022-11-02T03:07,1.6321428571428562,UNKNOWN
2022-11-02T03:08,1.6321428571428562,UNKNOWN
2022-11-02T03:09,1.6321428571428562,UNKNOWN
2022-11-02T03:10,1.6321428571428562,UNKNOWN
2022-11-02T03:11,1.832142857142859,UNKNOWN
2022-11-02T03:12,1.832142857142859,UNKNOWN
2022-11-02T03:13,1.832142857142859,UNKNOWN
2022-11-02T03:14,1.832142857142859,UNKNOWN
2022-11-02T03:15,1.832142857142859,UNKNOWN
2022-11-02T03:16,1.832142857142859,UNKNOWN
2022-11-02T03:17,1.832142857142859,UNKNOWN
2022-11-02T03:18,2.032142857142855,UNKNOWN
2022-11-02T03:19,2.032142857142855,UNKNOWN
2022-11-02T03:20,2.032142857142855,UNKNOWN
2022-11-02T03:21,2.032142857142855,UNKNOWN
2022-11-02T03:22,2.032142857142855,UNKNOWN
2022-11-02T03:23,2.032142857142855,UNKNOWN
2022-11-02T03:24,2.032142857142855,UNKNOWN
2022-11-02T03:25,2.332142857142859,UNKNOWN
2022-11-02T03:26,2.032142857142855,UNKNOWN
2022-11-02T03:27,1.832142857142859,UNKNOWN
2022-11-02T03:28,1.6321428571428562,UNKNOWN
2022-11-02T03:29,1.6321428571428562,UNKNOWN
2022-11-02T03:30,1.4321428571428605,UNKNOWN
2022-11-02T03:31,1.4321428571428605,UNKNOWN
2022-11-02T03:32,1.1321428571428562,UNKNOWN
2022-11-02T03:33,1.1321428571428562,UNKNOWN
2022-11-02T03:34,1.1321428571428562,UNKNOWN
2022-11-02T03:35,1.1321428571428562,UNKNOWN
2022-11-02T03:36,1.1321428571428562,UNKNOWN
2022-11-02T03:37,1.1321428571428562,UNKNOWN
2022-11-02T03:38,1.1321428571428562,UNKNOWN
2022-11-02T03:39,1.1321428571428562,UNKNOWN
2022-11-02T03:40,0.9321428571428605,UNKNOWN
2022-11-02T03:41,0.9321428571428605,UNKNOWN
2022-11-02T03:42,0.9321428571428605,UNKNOWN
2022-11-02T03:43,0.9321428571428605,UNKNOWN
2022-11-02T03:44,0.9321428571428605,UNKNOWN
2022-11-02T03:45,0.9321428571428605,UNKNOWN
2022-11-02T03:46,0.9321428571428605,UNKNOWN
2022-11-02T03:47,0.9321428571428605,UNKNOWN
2022-11-02T03:48,0.9321428571428605,UNKNOWN
2022-11-02T03:49,0.9321428571428605,UNKNOWN
2022-11-02T03:50,0.9321428571428605,UNKNOWN
2022-11-02T03:51,0.9321428571428605,UNKNOWN
2022-11-02T03:52,0.9321428571428605,UNKNOWN
2022-11-02T03:53,0.9321428571428605,UNKNOWN
2022-11-02T03:54,0.7321428571428577,UNKNOWN
2022-11-02T03:55,0.9321428571428605,UNKNOWN
2022-11-02T03:56,0.7321428571428577,UNKNOWN
2022-11-02T03:57,0.7321428571428577,UNKNOWN
2022-11-02T03:58,0.7321428571428577,UNKNOWN
2022-11-02T03:59,0.7321428571428577,UNKNOWN
2022-11-02T04:00,0.7321428571428577,UNKNOWN
2022-11-02T04:01,0.7321428571428577,UNKNOWN
2022-11-02T04:02,0.7321428571428577,UNKNOWN
2022-11-02T04:03,0.7321428571428577,UNKNOWN
2022-11-02T04:04,0.9321428571428605,UNKNOWN
2022-11-02T04:05,0.5321428571428548,UNKNOWN
2022-11-02T04:06,0.5321428571428548,UNKNOWN
2022-11-02T04:07,0.5321428571428548,UNKNOWN
2022-11-02T04:08,0.5321428571428548,UNKNOWN
2022-11-02T04:09,0.5321428571428548,UNKNOWN
2022-11-02T04:10,0.7321428571428577,UNKNOWN
2022-11-02T04:11,0.7321428571428577,UNKNOWN
2022-11-02T04:12,0.9321428571428605,UNKNOWN
2022-11-02T04:13,0.9321428571428605,UNKNOWN
2022-11-02T04:14,0.9321428571428605,UNKNOWN
2022-11-02T04:15,1.1321428571428562,UNKNOWN
2022-11-02T04:16,1.1321428571428562,UNKNOWN
2022-11-02T04:17,1.1321428571428562,UNKNOWN
2022-11-02T04:18,1.1321428571428562,UNKNOWN
2022-11-02T04:19,1.4321428571428605,UNKNOWN
2022-11-02T04:20,1.4321428571428605,UNKNOWN
2022-11-02T04:21,1.4321428571428605,UNKNOWN
2022-11-02T04:22,1.4321428571428605,UNKNOWN
2022-11-02T04:23,1.6321428571428562,UNKNOWN
2022-11-02T04:24,1.6321428571428562,UNKNOWN
2022-11-02T04:25,1.6321428571428562,UNKNOWN
2022-11-02T04:26,1.4321428571428605,UNKNOWN
2022-11-02T04:27,1.1321428571428562,UNKNOWN
2022-11-02T04:28,0.9321428571428605,UNKNOWN
2022-11-02T04:29,0.7321428571428577,UNKNOWN
2022-11-02T04:30,0.5321428571428548,UNKNOWN
2022-11-02T04:31,0.33214285714285907,UNKNOWN
2022-11-02T04:32,0.33214285714285907,UNKNOWN
2022-11-02T04:33,0.03214285714285836,UNKNOWN
2022-11-02T04:34,0.03214285714285836,UNKNOWN
2022-11-02T04:35,-0.16785714285714093,UNKNOWN
2022-11-02T04:36,-0.16785714285714093,UNKNOWN
2022-11-02T04:37,-0.36785714285714377,UNKNOWN
2022-11-02T04:38,-0.36785714285714377,UNKNOWN
2022-11-02T04:39,-0.36785714285714377,UNKNOWN
2022-11-02T04:40,-0.36785714285714377,UNKNOWN
2022-11-02T04:41,-0.36785714285714377,UNKNOWN
2022-11-02T04:42,-0.36785714285714377,UNKNOWN
2022-11-02T04:43,-0.36785714285714377,UNKNOWN
2022-11-02T04:44,-0.36785714285714377,UNKNOWN
2022-11-02T04:45,-0.36785714285714377,UNKNOWN
2022-11-02T04:46,-0.16785714285714093,UNKNOWN
2022-11-02T04:47,-0.16785714285714093,UNKNOWN
2022-11-02T04:48,0.03214285714285836,UNKNOWN
2022-11-02T04:49,0.33214285714285907,UNKNOWN
2022-11-02T04:50,0.33214285714285907,UNKNOWN
2022-11-02T04:51,0.03214285714285836,UNKNOWN
2022-11-02T04:52,-0.9678571428571416,UNKNOWN
2022-11-02T04:53,-1.667857142857141,UNKNOWN
2022-11-02T04:54,-1.8678571428571438,UNKNOWN
2022-11-02T04:55,-1.667857142857141,UNKNOWN
2022-11-02T04:56,-1.4678571428571416,UNKNOWN
2022-11-02T04:57,-1.4678571428571416,UNKNOWN
2022-11-02T04:58,-1.4678571428571416,UNKNOWN
2022-11-02T04:59,-1.2678571428571423,UNKNOWN
2022-11-02T05:00,-0.9678571428571416,UNKNOWN
2022-11-02T05:01,-0.7678571428571423,UNKNOWN
2022-11-02T05:02,-0.7678571428571423,UNKNOWN
2022-11-02T05:03,-0.7678571428571423,UNKNOWN
2022-11-02T05:04,-0.5678571428571431,UNKNOWN
2022-11-02T05:05,-0.5678571428571431,UNKNOWN
2022-11-02T05:06,-0.5678571428571431,UNKNOWN
2022-11-02T05:07,-0.36785714285714377,UNKNOWN
2022-11-02T05:08,-0.36785714285714377,UNKNOWN
2022-11-02T05:09,-0.36785714285714377,UNKNOWN
2022-11-02T05:10,-0.16785714285714093,UNKNOWN
2022-11-02T05:11,-0.16785714285714093,UNKNOWN
2022-11-02T05:12,-0.16785714285714093,UNKNOWN
2022-11-02T05:13,-0.16785714285714093,UNKNOWN
2022-11-02T05:14,-0.16785714285714093,UNKNOWN
2022-11-02T05:15,-0.16785714285714093,UNKNOWN
2022-11-02T05:16,-0.36785714285714377,UNKNOWN
2022-11-02T05:17,-0.36785714285714377,UNKNOWN
2022-11-02T05:18,-0.36785714285714377,UNKNOWN
2022-11-02T05:19,-0.16785714285714093,UNKNOWN
2022-11-02T05:20,0.03214285714285836,UNKNOWN
2022-11-02T05:21,0.33214285714285907,UNKNOWN
2022-11-02T05:22,0.5321428571428548,UNKNOWN
2022-11-02T05:23,0.7321428571428577,UNKNOWN
2022-11-02T05:24,0.9321428571428605,UNKNOWN
2022-11-02T05:25,0.9321428571428605,UNKNOWN
2022-11-02T05:26,1.1321428571428562,UNKNOWN
2022-11-02T05:27,1.1321428571428562,UNKNOWN
2022-11-02T05:28,1.1321428571428562,UNKNOWN
2022-11-02T05:29,1.4321428571428605,UNKNOWN
2022-11-02T05:30,1.4321428571428605,UNKNOWN
2022-11-02T05:31,1.4321428571428605,UNKNOWN
2022-11-02T05:32,1.4321428571428605,UNKNOWN
2022-11-02T05:33,1.6321428571428562,UNKNOWN
2022-11-02T05:34,1.6321428571428562,UNKNOWN
2022-11-02T05:35,1.4321428571428605,UNKNOWN
2022-11-02T05:36,1.4321428571428605,UNKNOWN
2022-11-02T05:37,1.1321428571428562,UNKNOWN
2022-11-02T05:38,1.4321428571428605,UNKNOWN
2022-11-02T05:39,1.4321428571428605,UNKNOWN
2022-11-02T05:40,1.4321428571428605,UNKNOWN
2022-11-02T05:41,1.4321428571428605,UNKNOWN
2022-11-02T05:42,1.4321428571428605,UNKNOWN
2022-11-02T05:43,1.1321428571428562,UNKNOWN
2022-11-02T05:44,1.1321428571428562,UNKNOWN
2022-11-02T05:45,1.1321428571428562,UNKNOWN
2022-11-02T05:46,0.9321428571428605,UNKNOWN
2022-11-02T05:47,0.7321428571428577,UNKNOWN
2022-11-02T05:48,0.7321428571428577,UNKNOWN
2022-11-02T05:49,0.7321428571428577,UNKNOWN
2022-11-02T05:50,0.5321428571428548,UNKNOWN
2022-11-02T05:51,0.5321428571428548,UNKNOWN
2022-11-02T05:52,0.5321428571428548,UNKNOWN
2022-11-02T05:53,0.5321428571428548,UNKNOWN
2022-11-02T05:54,0.5321428571428548,UNKNOWN
2022-11-02T05:55,0.33214285714285907,UNKNOWN
2022-11-02T05:56,0.33214285714285907,UNKNOWN
2022-11-02T05:57,0.33214285714285907,UNKNOWN
2022-11-02T05:58,0.33214285714285907,UNKNOWN
2022-11-02T05:59,0.33214285714285907,UNKNOWN
2022-11-02T06:00,0.33214285714285907,UNKNOWN
2022-11-02T06:01,0.33214285714285907,UNKNOWN
2022-11-02T06:02,0.33214285714285907,UNKNOWN
2022-11-02T06:03,0.33214285714285907,UNKNOWN
2022-11-02T06:04,0.33214285714285907,UNKNOWN
2022-11-02T06:05,0.33214285714285907,UNKNOWN
2022-11-02T06:06,0.33214285714285907,UNKNOWN
2022-11-02T06:07,0.33214285714285907,UNKNOWN
2022-11-02T06:08,0.33214285714285907,UNKNOWN
2022-11-02T06:09,0.33214285714285907,UNKNOWN
2022-11-02T06:10,0.33214285714285907,UNKNOWN
2022-11-02T06:11,0.5321428571428548,UNKNOWN
2022-11-02T06:12,0.5321428571428548,UNKNOWN
2022-11-02T06:13,0.5321428571428548,UNKNOWN
2022-11-02T06:14,0.5321428571428548,UNKNOWN
2022-11-02T06:15,0.7321428571428577,UNKNOWN
2022-11-02T06:16,0.33214285714285907,UNKNOWN
2022-11-02T06:17,-0.16785714285714093,UNKNOWN
2022-11-02T06:18,-0.36785714285714377,UNKNOWN
2022-11-02T06:19,-0.7678571428571423,UNKNOWN
2022-11-02T06:20,-0.9678571428571416,UNKNOWN
2022-11-02T06:21,-1.2678571428571423,UNKNOWN
2022-11-02T06:22,-1.2678571428571423,UNKNOWN
2022-11-02T06:23,-0.7678571428571423,UNKNOWN
2022-11-02T06:24,-0.5678571428571431,UNKNOWN
2022-11-02T06:25,-0.16785714285714093,UNKNOWN
2022-11-02T06:26,0.03214285714285836,UNKNOWN
2022-11-02T06:27,0.33214285714285907,UNKNOWN
2022-11-02T06:28,0.33214285714285907,UNKNOWN
2022-11-02T06:29,0.5321428571428548,UNKNOWN
2022-11-02T06:30,0.7321428571428577,UNKNOWN
2022-11-02T06:31,0.5321428571428548,UNKNOWN
2022-11-02T06:32,0.33214285714285907,UNKNOWN
2022-11-02T06:33,0.33214285714285907,UNKNOWN
2022-11-02T06:34,0.33214285714285907,UNKNOWN
2022-11-02T06:35,0.33214285714285907,UNKNOWN
2022-11-02T06:36,0.33214285714285907,UNKNOWN
2022-11-02T06:37,0.5321428571428548,UNKNOWN
2022-11-02T06:38,0.5321428571428548,UNKNOWN
2022-11-02T06:39,0.5321428571428548,UNKNOWN
2022-11-02T06:40,0.5321428571428548,UNKNOWN
2022-11-02T06:41,0.7321428571428577,UNKNOWN
2022-11-02T06:42,0.7321428571428577,UNKNOWN
2022-11-02T06:43,0.7321428571428577,UNKNOWN
2022-11-02T06:44,0.7321428571428577,UNKNOWN
2022-11-02T06:45,0.7321428571428577,UNKNOWN
2022-11-02T06:46,0.7321428571428577,UNKNOWN
2022-11-02T06:47,0.9321428571428605,UNKNOWN
2022-11-02T06:48,0.9321428571428605,UNKNOWN
2022-11-02T06:49,0.9321428571428605,UNKNOWN
2022-11-02T06:50,0.9321428571428605,UNKNOWN
2022-11-02T06:51,0.9321428571428605,UNKNOWN
2022-11-02T06:52,0.9321428571428605,UNKNOWN
2022-11-02T06:53,1.1321428571428562,UNKNOWN
2022-11-02T06:54,1.1321428571428562,UNKNOWN
2022-11-02T06:55,1.1321428571428562,UNKNOWN
2022-11-02T06:56,1.1321428571428562,UNKNOWN
2022-11-02T06:57,1.1321428571428562,UNKNOWN
2022-11-02T06:58,1.1321428571428562,UNKNOWN
2022-11-02T06:59,0.9321428571428605,UNKNOWN
2022-11-02T07:00,0.9321428571428605,UNKNOWN
2022-11-02T07:01,0.9321428571428605,UNKNOWN
2022-11-02T07:02,0.9321428571428605,UNKNOWN
2022-11-02T07:03,0.9321428571428605,UNKNOWN
2022-11-02T07:04,0.9321428571428605,UNKNOWN
2022-11-02T07:05,0.9321428571428605,UNKNOWN
2022-11-02T07:06,0.9321428571428605,UNKNOWN
2022-11-02T07:07,0.9321428571428605,UNKNOWN
2022-11-02T07:08,0.9321428571428605,UNKNOWN
2022-11-02T07:09,0.9321428571428605,UNKNOWN
2022-11-02T07:10,0.9321428571428605,UNKNOWN
2022-11-02T07:11,0.7321428571428577,UNKNOWN
2022-11-02T07:12,0.7321428571428577,UNKNOWN
2022-11-02T07:13,0.7321428571428577,UNKNOWN
2022-11-02T07:14,0.5321428571428548,UNKNOWN
2022-11-02T07:15,0.5321428571428548,UNKNOWN
2022-11-02T07:16,0.5321428571428548,UNKNOWN
2022-11-02T07:17,0.5321428571428548,UNKNOWN
2022-11-02T07:18,0.5321428571428548,UNKNOWN
2022-11-02T07:19,0.5321428571428548,UNKNOWN
2022-11-02T07:20,0.5321428571428548,UNKNOWN
2022-11-02T07:21,0.5321428571428548,UNKNOWN
2022-11-02T07:22,0.5321428571428548,UNKNOWN
2022-11-02T07:23,0.5321428571428548,UNKNOWN
2022-11-02T07:24,0.5321428571428548,UNKNOWN
2022-11-02T07:25,0.5321428571428548,UNKNOWN
2022-11-02T07:26,0.5321428571428548,UNKNOWN
2022-11-02T07:27,0.5321428571428548,UNKNOWN
2022-11-02T07:28,0.5321428571428548,UNKNOWN
2022-11-02T07:29,0.03214285714285836,UNKNOWN
2022-11-02T07:30,-0.5678571428571431,UNKNOWN
2022-11-02T07:31,-1.2678571428571423,UNKNOWN
2022-11-02T07:32,-1.667857142857141,UNKNOWN
2022-11-02T07:33,-2.067857142857143,UNKNOWN
2022-11-02T07:34,-2.2678571428571423,UNKNOWN
2022-11-02T07:35,-2.7678571428571423,UNKNOWN
2022-11-02T07:36,-2.9678571428571416,UNKNOWN
2022-11-02T07:37,-3.167857142857141,UNKNOWN
2022-11-02T07:38,-3.3678571428571438,UNKNOWN
2022-11-02T07:39,-3.567857142857143,UNKNOWN
2022-11-02T07:40,-3.567857142857143,UNKNOWN
2022-11-02T07:41,-3.7678571428571423,UNKNOWN
2022-11-02T07:42,-4.067857142857143,UNKNOWN
2022-11-02T07:43,-4.067857142857143,UNKNOWN
2022-11-02T07:44,-4.267857142857142,UNKNOWN
2022-11-02T07:45,-4.467857142857142,UNKNOWN
2022-11-02T07:46,-4.467857142857142,UNKNOWN
2022-11-02T07:47,-4.067857142857143,UNKNOWN
2022-11-02T07:48,-3.567857142857143,UNKNOWN
2022-11-02T07:49,-3.3678571428571438,UNKNOWN
2022-11-02T07:50,-2.9678571428571416,UNKNOWN
2022-11-02T07:51,-2.7678571428571423,UNKNOWN
2022-11-02T07:52,-2.567857142857143,UNKNOWN
2022-11-02T07:53,-2.2678571428571423,UNKNOWN
2022-11-02T07:54,-2.067857142857143,UNKNOWN
2022-11-02T07:55,-1.8678571428571438,UNKNOWN
2022-11-02T07:56,-1.8678571428571438,UNKNOWN
2022-11-02T07:57,-1.667857142857141,UNKNOWN
2022-11-02T07:58,-1.667857142857141,UNKNOWN
2022-11-02T07:59,-1.4678571428571416,UNKNOWN
2022-11-02T08:00,-1.4678571428571416,UNKNOWN
2022-11-02T08:01,-1.2678571428571423,UNKNOWN
2022-11-02T08:02,-1.4678571428571416,UNKNOWN
2022-11-02T08:03,-1.4678571428571416,UNKNOWN
2022-11-02T08:04,-1.667857142857141,UNKNOWN
2022-11-02T08:05,-1.667857142857141,UNKNOWN
2022-11-02T08:06,-1.8678571428571438,UNKNOWN
2022-11-02T08:07,-1.8678571428571438,UNKNOWN
2022-11-02T08:08,-1.8678571428571438,UNKNOWN
2022-11-02T08:09,-1.8678571428571438,UNKNOWN
2022-11-02T08:10,-1.8678571428571438,UNKNOWN
2022-11-02T08:11,-2.2678571428571423,UNKNOWN
2022-11-02T08:12,-2.7678571428571423,UNKNOWN
2022-11-02T08:13,-2.9678571428571416,UNKNOWN
2022-11-02T08:14,-3.167857142857141,UNKNOWN
2022-11-02T08:15,-3.3678571428571438,UNKNOWN
2022-11-02T08:16,-3.167857142857141,UNKNOWN
2022-11-02T08:17,-2.9678571428571416,UNKNOWN
2022-11-02T08:18,-2.9678571428571416,UNKNOWN
2022-11-02T08:19,-2.7678571428571423,UNKNOWN
2022-11-02T08:20,-2.567857142857143,UNKNOWN
2022-11-02T08:21,-2.2678571428571423,UNKNOWN
2022-11-02T08:22,-2.067857142857143,UNKNOWN
2022-11-02T08:23,-1.8678571428571438,UNKNOWN
2022-11-02T08:24,-1.667857142857141,UNKNOWN
2022-11-02T08:25,-1.4678571428571416,UNKNOWN
2022-11-02T08:26,-1.4678571428571416,UNKNOWN
2022-11-02T08:27,-1.2678571428571423,UNKNOWN
2022-11-02T08:28,-0.9678571428571416,UNKNOWN
2022-11-02T08:29,-0.9678571428571416,UNKNOWN
2022-11-02T08:30,-0.7678571428571423,UNKNOWN
2022-11-02T08:31,-0.7678571428571423,UNKNOWN
2022-11-02T08:32,-0.7678571428571423,UNKNOWN
2022-11-02T08:33,-0.5678571428571431,UNKNOWN
2022-11-02T08:34,-0.5678571428571431,UNKNOWN
2022-11-02T08:35,-0.5678571428571431,UNKNOWN
2022-11-02T08:36,-0.5678571428571431,UNKNOWN
2022-11-02T08:37,-0.5678571428571431,UNKNOWN
2022-11-02T08:38,-0.5678571428571431,UNKNOWN
2022-11-02T08:39,-0.36785714285714377,UNKNOWN
2022-11-02T08:40,-0.36785714285714377,UNKNOWN
2022-11-02T08:41,-0.36785714285714377,UNKNOWN
2022-11-02T08:42,-0.36785714285714377,UNKNOWN
2022-11-02T08:43,-0.36785714285714377,UNKNOWN
2022-11-02T08:44,-0.16785714285714093,UNKNOWN
2022-11-02T08:45,-0.16785714285714093,UNKNOWN
2022-11-02T08:46,-0.16785714285714093,UNKNOWN
2022-11-02T08:47,-0.16785714285714093,UNKNOWN
2022-11-02T08:48,0.03214285714285836,UNKNOWN
2022-11-02T08:49,0.33214285714285907,UNKNOWN
2022-11-02T08:50,0.5321428571428548,UNKNOWN
2022-11-02T08:51,0.5321428571428548,UNKNOWN
2022-11-02T08:52,0.5321428571428548,UNKNOWN
2022-11-02T08:53,0.7321428571428577,UNKNOWN
2022-11-02T08:54,0.7321428571428577,UNKNOWN
2022-11-02T08:55,0.7321428571428577,UNKNOWN
2022-11-02T08:56,0.7321428571428577,UNKNOWN
2022-11-02T08:57,0.9321428571428605,UNKNOWN
2022-11-02T08:58,0.9321428571428605,UNKNOWN
2022-11-02T08:59,1.1321428571428562,UNKNOWN
2022-11-02T09:00,1.1321428571428562,UNKNOWN
2022-11-02T09:01,1.1321428571428562,UNKNOWN
2022-11-02T09:02,1.4321428571428605,UNKNOWN
2022-11-02T09:03,1.6321428571428562,UNKNOWN
2022-11-02T09:04,1.832142857142859,UNKNOWN
2022-11-02T09:05,1.832142857142859,UNKNOWN
2022-11-02T09:06,1.6321428571428562,UNKNOWN
2022-11-02T09:07,1.4321428571428605,UNKNOWN
2022-11-02T09:08,1.4321428571428605,UNKNOWN
2022-11-02T09:09,1.1321428571428562,UNKNOWN
2022-11-02T09:10,1.1321428571428562,UNKNOWN
2022-11-02T09:11,1.1321428571428562,UNKNOWN
2022-11-02T09:12,0.9321428571428605,UNKNOWN
2022-11-02T09:13,0.9321428571428605,UNKNOWN
2022-11-02T09:14,0.9321428571428605,UNKNOWN
2022-11-02T09:15,0.7321428571428577,UNKNOWN
2022-11-02T09:16,0.7321428571428577,UNKNOWN
2022-11-02T09:17,0.9321428571428605,UNKNOWN
2022-11-02T09:18,0.9321428571428605,UNKNOWN
2022-11-02T09:19,1.1321428571428562,UNKNOWN
2022-11-02T09:20,1.1321428571428562,UNKNOWN
2022-11-02T09:21,1.1321428571428562,UNKNOWN
2022-11-02T09:22,1.4321428571428605,UNKNOWN
2022-11-02T09:23,1.4321428571428605,UNKNOWN
2022-11-02T09:24,1.4321428571428605,UNKNOWN
2022-11-02T09:25,1.4321428571428605,UNKNOWN
2022-11-02T09:26,1.1321428571428562,UNKNOWN
2022-11-02T09:27,1.1321428571428562,UNKNOWN
2022-11-02T09:28,1.1321428571428562,UNKNOWN
2022-11-02T09:29,1.1321428571428562,UNKNOWN
2022-11-02T09:30,1.1321428571428562,UNKNOWN
2022-11-02T09:31,1.1321428571428562,UNKNOWN
2022-11-02T09:32,1.1321428571428562,UNKNOWN
2022-11-02T09:33,0.9321428571428605,UNKNOWN
2022-11-02T09:34,0.7321428571428577,UNKNOWN
2022-11-02T09:35,0.5321428571428548,UNKNOWN
2022-11-02T09:36,0.5321428571428548,UNKNOWN
2022-11-02T09:37,0.5321428571428548,UNKNOWN
2022-11-02T09:38,0.33214285714285907,UNKNOWN
2022-11-02T09:39,0.33214285714285907,UNKNOWN
2022-11-02T09:40,0.33214285714285907,UNKNOWN
2022-11-02T09:41,0.03214285714285836,UNKNOWN
2022-11-02T09:42,0.03214285714285836,UNKNOWN
2022-11-02T09:43,0.33214285714285907,UNKNOWN
2022-11-02T09:44,0.33214285714285907,UNKNOWN
2022-11-02T09:45,0.33214285714285907,UNKNOWN
2022-11-02T09:46,-0.16785714285714093,UNKNOWN
2022-11-02T09:47,-0.36785714285714377,UNKNOWN
2022-11-02T09:48,-0.36785714285714377,UNKNOWN
2022-11-02T09:49,-0.5678571428571431,UNKNOWN
2022-11-02T09:50,-0.7678571428571423,UNKNOWN
2022-11-02T09:51,-0.9678571428571416,UNKNOWN
2022-11-02T09:52,-1.2678571428571423,UNKNOWN
2022-11-02T09:53,-1.4678571428571416,UNKNOWN
2022-11-02T09:54,-1.4678571428571416,UNKNOWN
2022-11-02T09:55,-1.4678571428571416,UNKNOWN
2022-11-02T09:56,-1.667857142857141,UNKNOWN
2022-11-02T09:57,-1.667857142857141,UNKNOWN
2022-11-02T09:58,-1.667857142857141,UNKNOWN
2022-11-02T09:59,-1.667857142857141,UNKNOWN
2022-11-02T10:00,-1.8678571428571438,UNKNOWN
2022-11-02T10:01,-1.8678571428571438,UNKNOWN
2022-11-02T10:02,-1.8678571428571438,UNKNOWN
2022-11-02T10:03,-2.067857142857143,UNKNOWN
2022-11-02T10:04,-2.067857142857143,UNKNOWN
2022-11-02T10:05,-2.067857142857143,UNKNOWN
2022-11-02T10:06,-2.2678571428571423,UNKNOWN
2022-11-02T10:07,-2.2678571428571423,UNKNOWN
2022-11-02T10:08,-2.2678571428571423,UNKNOWN
2022-11-02T10:09,-2.2678571428571423,UNKNOWN
2022-11-02T10:10,-2.2678571428571423,UNKNOWN
2022-11-02T10:11,-2.567857142857143,UNKNOWN
2022-11-02T10:12,-2.567857142857143,UNKNOWN
2022-11-02T10:13,-2.567857142857143,UNKNOWN
2022-11-02T10:14,-2.567857142857143,UNKNOWN
2022-11-02T10:15,-2.567857142857143,UNKNOWN
2022-11-02T10:16,-2.567857142857143,UNKNOWN
2022-11-02T10:17,-2.7678571428571423,UNKNOWN
2022-11-02T10:18,-2.7678571428571423,UNKNOWN
2022-11-02T10:19,-1.8678571428571438,UNKNOWN
2022-11-02T10:20,-2.067857142857143,UNKNOWN
2022-11-02T10:21,-2.567857142857143,UNKNOWN
2022-11-02T10:22,-2.7678571428571423,UNKNOWN
2022-11-02T10:23,-3.167857142857141,UNKNOWN
2022-11-02T10:24,-3.3678571428571438,UNKNOWN
2022-11-02T10:25,-3.567857142857143,UNKNOWN
2022-11-02T10:26,-3.567857142857143,UNKNOWN
2022-11-02T10:27,-3.567857142857143,UNKNOWN
2022-11-02T10:28,-3.7678571428571423,UNKNOWN
2022-11-02T10:29,-3.567857142857143,UNKNOWN
2022-11-02T10:30,-3.3678571428571438,UNKNOWN
2022-11-02T10:31,-3.3678571428571438,UNKNOWN
2022-11-02T10:32,-3.7678571428571423,UNKNOWN
2022-11-02T10:33,-3.567857142857143,UNKNOWN
2022-11-02T10:34,-3.3678571428571438,UNKNOWN
2022-11-02T10:35,-3.167857142857141,UNKNOWN
2022-11-02T10:36,-3.567857142857143,UNKNOWN
2022-11-02T10:37,-4.067857142857143,UNKNOWN
2022-11-02T10:38,-3.7678571428571423,UNKNOWN
2022-11-02T10:39,-3.7678571428571423,UNKNOWN
2022-11-02T10:40,-4.067857142857143,UNKNOWN
2022-11-02T10:41,-3.7678571428571423,UNKNOWN
2022-11-02T10:42,-3.7678571428571423,UNKNOWN
2022-11-02T10:43,-3.567857142857143,UNKNOWN
2022-11-02T10:44,-3.3678571428571438,UNKNOWN
2022-11-02T10:45,-3.3678571428571438,UNKNOWN
2022-11-02T10:46,-3.167857142857141,UNKNOWN
2022-11-02T10:47,-2.9678571428571416,UNKNOWN
2022-11-02T10:48,-2.9678571428571416,UNKNOWN
2022-11-02T10:49,-2.9678571428571416,UNKNOWN
2022-11-02T10:50,-2.7678571428571423,UNKNOWN
2022-11-02T10:51,-2.567857142857143,UNKNOWN
2022-11-02T10:52,-2.567857142857143,UNKNOWN
2022-11-02T10:53,-2.567857142857143,UNKNOWN
2022-11-02T10:54,-2.7678571428571423,UNKNOWN
2022-11-02T10:55,-3.567857142857143,UNKNOWN
2022-11-02T10:56,-4.067857142857143,UNKNOWN
2022-11-02T10:57,-4.467857142857142,UNKNOWN
2022-11-02T10:58,-4.667857142857141,UNKNOWN
2022-11-02T10:59,-4.867857142857144,UNKNOWN
2022-11-02T11:00,-4.867857142857144,UNKNOWN
2022-11-02T11:01,-4.467857142857142,UNKNOWN
2022-11-02T11:02,-4.267857142857142,UNKNOWN
2022-11-02T11:03,-4.267857142857142,UNKNOWN
2022-11-02T11:04,-4.067857142857143,UNKNOWN
2022-11-02T11:05,-4.067857142857143,UNKNOWN
2022-11-02T11:06,-3.7678571428571423,UNKNOWN
2022-11-02T11:07,-3.567857142857143,UNKNOWN
2022-11-02T11:08,-3.167857142857141,UNKNOWN
2022-11-02T11:09,-2.9678571428571416,UNKNOWN
2022-11-02T11:10,-2.7678571428571423,UNKNOWN
2022-11-02T11:11,-2.7678571428571423,UNKNOWN
2022-11-02T11:12,-2.7678571428571423,UNKNOWN
2022-11-02T11:13,-2.7678571428571423,UNKNOWN
2022-11-02T11:14,-2.567857142857143,UNKNOWN
2022-11-02T11:15,-2.567857142857143,UNKNOWN
2022-11-02T11:16,-2.567857142857143,UNKNOWN
2022-11-02T11:17,-2.2678571428571423,UNKNOWN
2022-11-02T11:18,-2.2678571428571423,UNKNOWN
2022-11-02T11:19,-2.2678571428571423,UNKNOWN
2022-11-02T11:20,-2.067857142857143,UNKNOWN
2022-11-02T11:21,-2.067857142857143,UNKNOWN
2022-11-02T11:22,-2.067857142857143,UNKNOWN
2022-11-02T11:23,-1.8678571428571438,UNKNOWN
2022-11-02T11:24,-1.8678571428571438,UNKNOWN
2022-11-02T11:25,-1.8678571428571438,UNKNOWN
2022-11-02T11:26,-1.8678571428571438,UNKNOWN
2022-11-02T11:27,-1.8678571428571438,UNKNOWN
2022-11-02T11:28,-1.8678571428571438,UNKNOWN
2022-11-02T11:29,-1.8678571428571438,UNKNOWN
2022-11-02T11:30,-1.8678571428571438,UNKNOWN
2022-11-02T11:31,-2.2678571428571423,UNKNOWN
2022-11-02T11:32,-2.567857142857143,UNKNOWN
2022-11-02T11:33,-2.7678571428571423,UNKNOWN
2022-11-02T11:34,-3.167857142857141,UNKNOWN
2022-11-02T11:35,-3.3678571428571438,UNKNOWN
2022-11-02T11:36,-3.567857142857143,UNKNOWN
2022-11-02T11:37,-3.567857142857143,UNKNOWN
2022-11-02T11:38,-3.3678571428571438,UNKNOWN
2022-11-02T11:39,-3.3678571428571438,UNKNOWN
2022-11-02T11:40,-3.167857142857141,UNKNOWN
2022-11-02T11:41,-3.167857142857141,UNKNOWN
2022-11-02T11:42,-2.9678571428571416,UNKNOWN
2022-11-02T11:43,-2.7678571428571423,UNKNOWN
2022-11-02T11:44,-2.7678571428571423,UNKNOWN
2022-11-02T11:45,-2.7678571428571423,UNKNOWN
2022-11-02T11:46,-2.7678571428571423,UNKNOWN
2022-11-02T11:47,-2.7678571428571423,UNKNOWN
2022-11-02T11:48,-2.567857142857143,UNKNOWN
2022-11-02T11:49,-2.2678571428571423,UNKNOWN
2022-11-02T11:50,-2.067857142857143,UNKNOWN
2022-11-02T11:51,-2.067857142857143,UNKNOWN
2022-11-02T11:52,-2.067857142857143,UNKNOWN
2022-11-02T11:53,-2.067857142857143,UNKNOWN
2022-11-02T11:54,-2.2678571428571423,UNKNOWN
2022-11-02T11:55,-2.2678571428571423,UNKNOWN
2022-11-02T11:56,-2.567857142857143,UNKNOWN
2022-11-02T11:57,-2.9678571428571416,UNKNOWN
2022-11-02T11:58,-2.9678571428571416,UNKNOWN
2022-11-02T11:59,-2.7678571428571423,UNKNOWN
2022-11-02T12:00,-2.7678571428571423,UNKNOWN
2022-11-02T12:01,-2.567857142857143,UNKNOWN
2022-11-02T12:02,-2.567857142857143,UNKNOWN
2022-11-02T12:03,-2.567857142857143,UNKNOWN
2022-11-02T12:04,-2.567857142857143,UNKNOWN
2022-11-02T12:05,-2.567857142857143,UNKNOWN
2022-11-02T12:06,-2.2678571428571423,UNKNOWN
2022-11-02T12:07,-2.2678571428571423,UNKNOWN
2022-11-02T12:08,-2.567857142857143,UNKNOWN
2022-11-02T12:09,-2.2678571428571423,UNKNOWN
2022-11-02T12:10,-2.567857142857143,UNKNOWN
2022-11-02T12:11,-2.2678571428571423,UNKNOWN
2022-11-02T12:12,-2.2678571428571423,UNKNOWN
2022-11-02T12:13,-2.2678571428571423,UNKNOWN
2022-11-02T12:14,-2.2678571428571423,UNKNOWN
2022-11-02T12:15,-2.2678571428571423,UNKNOWN
2022-11-02T12:16,-2.2678571428571423,UNKNOWN
2022-11-02T12:17,-2.2678571428571423,UNKNOWN
2022-11-02T12:18,-2.2678571428571423,UNKNOWN
2022-11-02T12:19,-2.2678571428571423,UNKNOWN
2022-11-02T12:20,-2.2678571428571423,UNKNOWN
2022-11-02T12:21,-2.2678571428571423,UNKNOWN
2022-11-02T12:22,-2.567857142857143,UNKNOWN
2022-11-02T12:23,-2.567857142857143,UNKNOWN
2022-11-02T12:24,-2.7678571428571423,UNKNOWN
2022-11-02T12:25,-2.7678571428571423,UNKNOWN
2022-11-02T12:26,-2.7678571428571423,UNKNOWN
2022-11-02T12:27,-2.9678571428571416,UNKNOWN
2022-11-02T12:28,-3.167857142857141,UNKNOWN
2022-11-02T12:29,-3.3678571428571438,UNKNOWN
2022-11-02T12:30,-3.3678571428571438,UNKNOWN
2022-11-02T12:31,-3.167857142857141,UNKNOWN
2022-11-02T12:32,-3.3678571428571438,UNKNOWN
2022-11-02T12:33,-3.7678571428571423,UNKNOWN
2022-11-02T12:34,-3.7678571428571423,UNKNOWN
2022-11-02T12:35,-3.7678571428571423,UNKNOWN
2022-11-02T12:36,-4.067857142857143,UNKNOWN
2022-11-02T12:37,-4.267857142857142,UNKNOWN
2022-11-02T12:38,-4.667857142857141,UNKNOWN
2022-11-02T12:39,-4.467857142857142,UNKNOWN
2022-11-02T12:40,-4.267857142857142,UNKNOWN
2022-11-02T12:41,-4.067857142857143,UNKNOWN
2022-11-02T12:42,-3.7678571428571423,UNKNOWN
2022-11-02T12:43,-3.567857142857143,UNKNOWN
2022-11-02T12:44,-3.3678571428571438,UNKNOWN
2022-11-02T12:45,-3.167857142857141,UNKNOWN
2022-11-02T12:46,-3.167857142857141,UNKNOWN
2022-11-02T12:47,-3.167857142857141,UNKNOWN
2022-11-02T12:48,-3.167857142857141,UNKNOWN
2022-11-02T12:49,-2.9678571428571416,UNKNOWN
2022-11-02T12:50,-2.9678571428571416,UNKNOWN
2022-11-02T12:51,-2.9678571428571416,UNKNOWN
2022-11-02T12:52,-2.9678571428571416,UNKNOWN
2022-11-02T12:53,-2.9678571428571416,UNKNOWN
2022-11-02T12:54,-2.9678571428571416,UNKNOWN
2022-11-02T12:55,-2.9678571428571416,UNKNOWN
2022-11-02T12:56,-2.7678571428571423,UNKNOWN
2022-11-02T12:57,-2.7678571428571423,UNKNOWN
2022-11-02T12:58,-2.567857142857143,UNKNOWN
2022-11-02T12:59,-2.567857142857143,UNKNOWN
2022-11-02T13:00,-2.567857142857143,UNKNOWN
2022-11-02T13:01,-2.2678571428571423,UNKNOWN
2022-11-02T13:02,-2.2678571428571423,UNKNOWN
2022-11-02T13:03,-2.2678571428571423,UNKNOWN
2022-11-02T13:04,-2.2678571428571423,UNKNOWN
2022-11-02T13:05,-2.2678571428571423,UNKNOWN
2022-11-02T13:06,-2.567857142857143,UNKNOWN
2022-11-02T13:07,-2.567857142857143,UNKNOWN
2022-11-02T13:08,-2.7678571428571423,UNKNOWN
2022-11-02T13:09,-2.7678571428571423,UNKNOWN
2022-11-02T13:10,-2.9678571428571416,UNKNOWN
2022-11-02T13:11,-3.3678571428571438,UNKNOWN
2022-11-02T13:12,-3.567857142857143,UNKNOWN
2022-11-02T13:13,-3.567857142857143,UNKNOWN
2022-11-02T13:14,-3.567857142857143,UNKNOWN
2022-11-02T13:15,-3.3678571428571438,UNKNOWN
2022-11-02T13:16,-3.3678571428571438,UNKNOWN
2022-11-02T13:17,-3.167857142857141,UNKNOWN
2022-11-02T13:18,-2.9678571428571416,UNKNOWN
2022-11-02T13:19,-3.167857142857141,UNKNOWN
2022-11-02T13:20,-2.9678571428571416,UNKNOWN
2022-11-02T13:21,-2.9678571428571416,UNKNOWN
2022-11-02T13:22,-2.9678571428571416,UNKNOWN
2022-11-02T13:23,-2.9678571428571416,UNKNOWN
2022-11-02T13:24,-2.7678571428571423,UNKNOWN
2022-11-02T13:25,-2.7678571428571423,UNKNOWN
2022-11-02T13:26,-2.7678571428571423,UNKNOWN
2022-11-02T13:27,-2.7678571428571423,UNKNOWN
2022-11-02T13:28,-2.7678571428571423,UNKNOWN
2022-11-02T13:29,-2.7678571428571423,UNKNOWN
2022-11-02T13:30,-2.567857142857143,UNKNOWN
2022-11-02T13:31,-2.567857142857143,UNKNOWN
2022-11-02T13:32,-2.567857142857143,UNKNOWN
2022-11-02T13:33,-2.567857142857143,UNKNOWN
2022-11-02T13:34,-2.567857142857143,UNKNOWN
2022-11-02T13:35,-2.567857142857143,UNKNOWN
2022-11-02T13:36,-2.567857142857143,UNKNOWN
2022-11-02T13:37,-2.567857142857143,UNKNOWN
2022-11-02T13:38,-2.2678571428571423,UNKNOWN
2022-11-02T13:39,-2.2678571428571423,UNKNOWN
2022-11-02T13:40,-2.2678571428571423,UNKNOWN
2022-11-02T13:41,-2.567857142857143,UNKNOWN
2022-11-02T13:42,-2.567857142857143,UNKNOWN
2022-11-02T13:43,-2.7678571428571423,UNKNOWN
2022-11-02T13:44,-2.7678571428571423,UNKNOWN
2022-11-02T13:45,-2.7678571428571423,UNKNOWN
2022-11-02T13:46,-2.7678571428571423,UNKNOWN
2022-11-02T13:47,-2.7678571428571423,UNKNOWN
2022-11-02T13:48,-2.567857142857143,UNKNOWN
2022-11-02T13:49,-2.7678571428571423,UNKNOWN
2022-11-02T13:50,-2.7678571428571423,UNKNOWN
2022-11-02T13:51,-2.7678571428571423,UNKNOWN
2022-11-02T13:52,-2.7678571428571423,UNKNOWN
2022-11-02T13:53,-2.7678571428571423,UNKNOWN
2022-11-02T13:54,-2.7678571428571423,UNKNOWN
2022-11-02T13:55,-2.9678571428571416,UNKNOWN
2022-11-02T13:56,-2.7678571428571423,UNKNOWN
2022-11-02T13:57,-2.9678571428571416,UNKNOWN
2022-11-02T13:58,-2.9678571428571416,UNKNOWN
2022-11-02T13:59,-2.567857142857143,UNKNOWN
2022-11-02T14:00,-2.067857142857143,UNKNOWN
2022-11-02T14:01,-2.067857142857143,UNKNOWN
2022-11-02T14:02,-2.067857142857143,UNKNOWN
2022-11-02T14:03,-2.067857142857143,UNKNOWN
2022-11-02T14:04,-1.8678571428571438,UNKNOWN
2022-11-02T14:05,-2.067857142857143,UNKNOWN
2022-11-02T14:06,-1.8678571428571438,UNKNOWN
2022-11-02T14:07,-1.8678571428571438,UNKNOWN
2022-11-02T14:08,-1.8678571428571438,UNKNOWN
2022-11-02T14:09,-2.067857142857143,UNKNOWN
2022-11-02T14:10,-2.067857142857143,UNKNOWN
2022-11-02T14:11,-2.067857142857143,UNKNOWN
2022-11-02T14:12,-2.067857142857143,UNKNOWN
2022-11-02T14:13,-2.067857142857143,UNKNOWN
2022-11-02T14:14,-1.8678571428571438,UNKNOWN
2022-11-02T14:15,-2.067857142857143,UNKNOWN
2022-11-02T14:16,-2.067857142857143,UNKNOWN
2022-11-02T14:17,-2.067857142857143,UNKNOWN
2022-11-02T14:18,-2.067857142857143,UNKNOWN
2022-11-02T14:19,-2.2678571428571423,UNKNOWN
2022-11-02T14:20,-2.2678571428571423,UNKNOWN
2022-11-02T14:21,-2.067857142857143,UNKNOWN
2022-11-02T14:22,-2.567857142857143,UNKNOWN
2022-11-02T14:23,-2.567857142857143,UNKNOWN
2022-11-02T14:24,-2.567857142857143,UNKNOWN
2022-11-02T14:25,-2.567857142857143,UNKNOWN
2022-11-02T14:26,-2.567857142857143,UNKNOWN
2022-11-02T14:27,-2.567857142857143,UNKNOWN
2022-11-02T14:28,-2.7678571428571423,UNKNOWN
2022-11-02T14:29,-2.7678571428571423,UNKNOWN
2022-11-02T14:30,-2.7678571428571423,UNKNOWN
2022-11-02T14:31,-2.567857142857143,UNKNOWN
2022-11-02T14:32,-2.567857142857143,UNKNOWN
2022-11-02T14:33,-2.567857142857143,UNKNOWN
2022-11-02T14:34,-2.2678571428571423,UNKNOWN
2022-11-02T14:35,-2.2678571428571423,UNKNOWN
2022-11-02T14:36,-2.2678571428571423,UNKNOWN
2022-11-02T14:37,-2.2678571428571423,UNKNOWN
2022-11-02T14:38,-2.2678571428571423,UNKNOWN
2022-11-02T14:39,-2.2678571428571423,UNKNOWN
2022-11-02T14:40,-2.2678571428571423,UNKNOWN
2022-11-02T14:41,-2.2678571428571423,UNKNOWN
2022-11-02T14:42,-2.2678571428571423,UNKNOWN
2022-11-02T14:43,-2.2678571428571423,UNKNOWN
2022-11-02T14:44,-2.2678571428571423,UNKNOWN
2022-11-02T14:45,-2.567857142857143,UNKNOWN
2022-11-02T14:46,-2.7678571428571423,UNKNOWN
2022-11-02T14:47,-2.9678571428571416,UNKNOWN
2022-11-02T14:48,-2.9678571428571416,UNKNOWN
2022-11-02T14:49,-2.9678571428571416,UNKNOWN
2022-11-02T14:50,-2.9678571428571416,UNKNOWN
2022-11-02T14:51,-2.7678571428571423,UNKNOWN
2022-11-02T14:52,-2.7678571428571423,UNKNOWN
2022-11-02T14:53,-2.7678571428571423,UNKNOWN
2022-11-02T14:54,-2.7678571428571423,UNKNOWN
2022-11-02T14:55,-2.7678571428571423,UNKNOWN
2022-11-02T14:56,-2.567857142857143,UNKNOWN
2022-11-02T14:57,-2.567857142857143,UNKNOWN
2022-11-02T14:58,-2.067857142857143,UNKNOWN
2022-11-02T14:59,-1.8678571428571438,UNKNOWN
2022-11-02T15:00,-1.667857142857141,UNKNOWN
2022-11-02T15:01,-1.667857142857141,UNKNOWN
2022-11-02T15:02,-1.4678571428571416,UNKNOWN
2022-11-02T15:03,-1.4678571428571416,UNKNOWN
2022-11-02T15:04,-1.4678571428571416,UNKNOWN
2022-11-02T15:05,-1.2678571428571423,UNKNOWN
2022-11-02T15:06,-1.2678571428571423,UNKNOWN
2022-11-02T15:07,-1.2678571428571423,UNKNOWN
2022-11-02T15:08,-0.9678571428571416,UNKNOWN
2022-11-02T15:09,-0.9678571428571416,UNKNOWN
2022-11-02T15:10,-0.9678571428571416,UNKNOWN
2022-11-02T15:11,-0.9678571428571416,UNKNOWN
2022-11-02T15:12,-0.7678571428571423,UNKNOWN
2022-11-02T15:13,-0.7678571428571423,UNKNOWN
2022-11-02T15:14,-0.7678571428571423,UNKNOWN
2022-11-02T15:15,-0.7678571428571423,UNKNOWN
2022-11-02T15:16,-0.7678571428571423,UNKNOWN
2022-11-02T15:17,-0.9678571428571416,UNKNOWN
2022-11-02T15:18,-1.2678571428571423,UNKNOWN
2022-11-02T15:19,-1.2678571428571423,UNKNOWN
2022-11-02T15:20,-1.2678571428571423,UNKNOWN
2022-11-02T15:21,-1.2678571428571423,UNKNOWN
2022-11-02T15:22,-1.4678571428571416,UNKNOWN
2022-11-02T15:23,-0.9678571428571416,UNKNOWN
2022-11-02T15:24,-0.9678571428571416,UNKNOWN
2022-11-02T15:25,-0.7678571428571423,UNKNOWN
2022-11-02T15:26,-0.5678571428571431,UNKNOWN
2022-11-02T15:27,-0.36785714285714377,UNKNOWN
2022-11-02T15:28,-0.36785714285714377,UNKNOWN
2022-11-02T15:29,-0.36785714285714377,UNKNOWN
2022-11-02T15:30,-0.5678571428571431,UNKNOWN
2022-11-02T15:31,-0.5678571428571431,UNKNOWN
2022-11-02T15:32,-0.7678571428571423,UNKNOWN
2022-11-02T15:33,-0.9678571428571416,UNKNOWN
2022-11-02T15:34,-0.9678571428571416,UNKNOWN
2022-11-02T15:35,-1.2678571428571423,UNKNOWN
2022-11-02T15:36,-1.4678571428571416,UNKNOWN
2022-11-02T15:37,-1.4678571428571416,UNKNOWN
2022-11-02T15:38,-1.4678571428571416,UNKNOWN
2022-11-02T15:39,-1.4678571428571416,UNKNOWN
2022-11-02T15:40,-1.667857142857141,UNKNOWN
2022-11-02T15:41,-2.067857142857143,UNKNOWN
2022-11-02T15:42,-2.2678571428571423,UNKNOWN
2022-11-02T15:43,-2.2678571428571423,UNKNOWN
2022-11-02T15:44,-2.2678571428571423,UNKNOWN
2022-11-02T15:45,-2.2678571428571423,UNKNOWN
2022-11-02T15:46,-2.567857142857143,UNKNOWN
2022-11-02T15:47,-2.567857142857143,UNKNOWN
2022-11-02T15:48,-2.2678571428571423,UNKNOWN
2022-11-02T15:49,-2.2678571428571423,UNKNOWN
2022-11-02T15:50,-2.2678571428571423,UNKNOWN
2022-11-02T15:51,-2.067857142857143,UNKNOWN
2022-11-02T15:52,-1.8678571428571438,UNKNOWN
2022-11-02T15:53,-2.067857142857143,UNKNOWN
2022-11-02T15:54,-2.567857142857143,UNKNOWN
2022-11-02T15:55,-2.7678571428571423,UNKNOWN
2022-11-02T15:56,-2.9678571428571416,UNKNOWN
2022-11-02T15:57,-3.167857142857141,UNKNOWN
2022-11-02T15:58,-3.167857142857141,UNKNOWN
2022-11-02T15:59,-3.167857142857141,UNKNOWN
2022-11-02T16:00,-3.3678571428571438,UNKNOWN
2022-11-02T16:01,-3.3678571428571438,UNKNOWN
2022-11-02T16:02,-3.167857142857141,UNKNOWN
2022-11-02T16:03,-3.3678571428571438,UNKNOWN
2022-11-02T16:04,-3.567857142857143,UNKNOWN
2022-11-02T16:05,-3.567857142857143,UNKNOWN
2022-11-02T16:06,-3.567857142857143,UNKNOWN
2022-11-02T16:07,-4.067857142857143,UNKNOWN
2022-11-02T16:08,-4.067857142857143,UNKNOWN
2022-11-02T16:09,-3.7678571428571423,UNKNOWN
2022-11-02T16:10,-3.7678571428571423,UNKNOWN
2022-11-02T16:11,-3.567857142857143,UNKNOWN
2022-11-02T16:12,-3.7678571428571423,UNKNOWN
2022-11-02T16:13,-3.7678571428571423,UNKNOWN
2022-11-02T16:14,-4.067857142857143,UNKNOWN
2022-11-02T16:15,-4.067857142857143,UNKNOWN
2022-11-02T16:16,-4.267857142857142,UNKNOWN
2022-11-02T16:17,-4.467857142857142,UNKNOWN
2022-11-02T16:18,-4.667857142857141,UNKNOWN
2022-11-02T16:19,-4.667857142857141,UNKNOWN
2022-11-02T16:20,-4.667857142857141,UNKNOWN
2022-11-02T16:21,-4.667857142857141,UNKNOWN
2022-11-02T16:22,-4.667857142857141,UNKNOWN
2022-11-02T16:23,-4.667857142857141,UNKNOWN
2022-11-02T16:24,-4.667857142857141,UNKNOWN
2022-11-02T16:25,-4.867857142857144,UNKNOWN
2022-11-02T16:26,-5.067857142857143,UNKNOWN
2022-11-02T16:27,-4.867857142857144,UNKNOWN
2022-11-02T16:28,-4.867857142857144,UNKNOWN
2022-11-02T16:29,-4.667857142857141,UNKNOWN
2022-11-02T16:30,-4.467857142857142,UNKNOWN
2022-11-02T16:31,-4.267857142857142,UNKNOWN
2022-11-02T16:32,-3.7678571428571423,UNKNOWN
2022-11-02T16:33,-3.7678571428571423,UNKNOWN
2022-11-02T16:34,-3.567857142857143,UNKNOWN
2022-11-02T16:35,-3.3678571428571438,UNKNOWN
2022-11-02T16:36,-3.3678571428571438,UNKNOWN
2022-11-02T16:37,-3.167857142857141,UNKNOWN
2022-11-02T16:38,-2.7678571428571423,UNKNOWN
2022-11-02T16:39,-2.7678571428571423,UNKNOWN
2022-11-02T16:40,-2.567857142857143,UNKNOWN
2022-11-02T16:41,-2.2678571428571423,UNKNOWN
2022-11-02T16:42,-2.067857142857143,UNKNOWN
2022-11-02T16:43,-1.8678571428571438,UNKNOWN
2022-11-02T16:44,-1.667857142857141,UNKNOWN
2022-11-02T16:45,-1.667857142857141,UNKNOWN
2022-11-02T16:46,-1.4678571428571416,UNKNOWN
2022-11-02T16:47,-1.4678571428571416,UNKNOWN
2022-11-02T16:48,-1.4678571428571416,UNKNOWN
2022-11-02T16:49,-1.4678571428571416,UNKNOWN
2022-11-02T16:50,-1.2678571428571423,UNKNOWN
2022-11-02T16:51,-1.2678571428571423,UNKNOWN
2022-11-02T16:52,-1.2678571428571423,UNKNOWN
2022-11-02T16:53,-1.4678571428571416,UNKNOWN
2022-11-02T16:54,-1.4678571428571416,UNKNOWN
2022-11-02T16:55,-1.4678571428571416,UNKNOWN
2022-11-02T16:56,-1.4678571428571416,UNKNOWN
2022-11-02T16:57,-1.4678571428571416,UNKNOWN
2022-11-02T16:58,-1.4678571428571416,UNKNOWN
2022-11-02T16:59,-1.4678571428571416,UNKNOWN
2022-11-02T17:00,-1.2678571428571423,UNKNOWN
2022-11-02T17:01,-0.9678571428571416,UNKNOWN
2022-11-02T17:02,-0.9678571428571416,UNKNOWN
2022-11-02T17:03,-0.9678571428571416,UNKNOWN
2022-11-02T17:04,-0.7678571428571423,UNKNOWN
2022-11-02T17:05,-0.7678571428571423,UNKNOWN
2022-11-02T17:06,-0.7678571428571423,UNKNOWN
2022-11-02T17:07,-0.7678571428571423,UNKNOWN
2022-11-02T17:08,-0.9678571428571416,UNKNOWN
2022-11-02T17:09,-0.9678571428571416,UNKNOWN
2022-11-02T17:10,-0.9678571428571416,UNKNOWN
2022-11-02T17:11,-0.7678571428571423,UNKNOWN
2022-11-02T17:12,-0.7678571428571423,UNKNOWN
2022-11-02T17:13,-0.5678571428571431,UNKNOWN
2022-11-02T17:14,-0.36785714285714377,UNKNOWN
2022-11-02T17:15,-0.36785714285714377,UNKNOWN
2022-11-02T17:16,-0.36785714285714377,UNKNOWN
2022-11-02T17:17,-0.5678571428571431,UNKNOWN
2022-11-02T17:18,-0.5678571428571431,UNKNOWN
2022-11-02T17:19,-0.36785714285714377,UNKNOWN
2022-11-02T17:20,-0.5678571428571431,UNKNOWN
2022-11-02T17:21,-0.5678571428571431,UNKNOWN
2022-11-02T17:22,-0.5678571428571431,UNKNOWN
2022-11-02T17:23,-0.5678571428571431,UNKNOWN
2022-11-02T17:24,-0.36785714285714377,UNKNOWN
2022-11-02T17:25,-0.36785714285714377,UNKNOWN
2022-11-02T17:26,-0.36785714285714377,UNKNOWN
2022-11-02T17:27,-0.16785714285714093,UNKNOWN
2022-11-02T17:28,0.03214285714285836,UNKNOWN
2022-11-02T17:29,-0.16785714285714093,UNKNOWN
2022-11-02T17:30,-0.16785714285714093,UNKNOWN
2022-11-02T17:31,-0.16785714285714093,UNKNOWN
2022-11-02T17:32,0.03214285714285836,UNKNOWN
2022-11-02T17:33,0.03214285714285836,UNKNOWN
2022-11-02T17:34,-0.16785714285714093,UNKNOWN
2022-11-02T17:35,-0.16785714285714093,UNKNOWN
2022-11-02T17:36,-0.36785714285714377,UNKNOWN
2022-11-02T17:37,-0.36785714285714377,UNKNOWN
2022-11-02T17:38,-0.36785714285714377,UNKNOWN
2022-11-02T17:39,-0.5678571428571431,UNKNOWN
2022-11-02T17:40,-0.5678571428571431,UNKNOWN
2022-11-02T17:41,-0.7678571428571423,UNKNOWN
2022-11-02T17:42,-0.7678571428571423,UNKNOWN
2022-11-02T17:43,-1.2678571428571423,UNKNOWN
2022-11-02T17:44,-1.2678571428571423,UNKNOWN
2022-11-02T17:45,-1.4678571428571416,UNKNOWN
2022-11-02T17:46,-1.4678571428571416,UNKNOWN
2022-11-02T17:47,-1.667857142857141,UNKNOWN
2022-11-02T17:48,-1.667857142857141,UNKNOWN
2022-11-02T17:49,-2.067857142857143,UNKNOWN
2022-11-02T17:50,-2.067857142857143,UNKNOWN
2022-11-02T17:51,-2.2678571428571423,UNKNOWN
2022-11-02T17:52,-2.2678571428571423,UNKNOWN
2022-11-02T17:53,-2.067857142857143,UNKNOWN
2022-11-02T17:54,-1.8678571428571438,UNKNOWN
2022-11-02T17:55,-2.067857142857143,UNKNOWN
2022-11-02T17:56,-2.2678571428571423,UNKNOWN
2022-11-02T17:57,-2.567857142857143,UNKNOWN
2022-11-02T17:58,-2.7678571428571423,UNKNOWN
2022-11-02T17:59,-2.9678571428571416,UNKNOWN
2022-11-02T18:00,-3.167857142857141,UNKNOWN
2022-11-02T18:01,-3.3678571428571438,UNKNOWN
2022-11-02T18:02,-3.3678571428571438,UNKNOWN
2022-11-02T18:03,-3.3678571428571438,UNKNOWN
2022-11-02T18:04,-3.3678571428571438,UNKNOWN
2022-11-02T18:05,-3.3678571428571438,UNKNOWN
2022-11-02T18:06,-3.3678571428571438,UNKNOWN
2022-11-02T18:07,-3.567857142857143,UNKNOWN
2022-11-02T18:08,-3.567857142857143,UNKNOWN
2022-11-02T18:09,-3.567857142857143,UNKNOWN
2022-11-02T18:10,-4.467857142857142,UNKNOWN
2022-11-02T18:11,-4.667857142857141,UNKNOWN
2022-11-02T18:12,-4.667857142857141,UNKNOWN
2022-11-02T18:13,-4.467857142857142,UNKNOWN
2022-11-02T18:14,-4.467857142857142,UNKNOWN
2022-11-02T18:15,-4.267857142857142,UNKNOWN
2022-11-02T18:16,-4.267857142857142,UNKNOWN
2022-11-02T18:17,-4.267857142857142,UNKNOWN
2022-11-02T18:18,-4.267857142857142,UNKNOWN
2022-11-02T18:19,-4.267857142857142,UNKNOWN
2022-11-02T18:20,-4.267857142857142,UNKNOWN
2022-11-02T18:21,-4.067857142857143,UNKNOWN
2022-11-02T18:22,-4.067857142857143,UNKNOWN
2022-11-02T18:23,-3.7678571428571423,UNKNOWN
2022-11-02T18:24,-3.567857142857143,UNKNOWN
2022-11-02T18:25,-3.567857142857143,UNKNOWN
2022-11-02T18:26,-3.3678571428571438,UNKNOWN
2022-11-02T18:27,-3.3678571428571438,UNKNOWN
2022-11-02T18:28,-3.3678571428571438,UNKNOWN
2022-11-02T18:29,-3.3678571428571438,UNKNOWN
2022-11-02T18:30,-3.167857142857141,UNKNOWN
2022-11-02T18:31,-2.9678571428571416,UNKNOWN
2022-11-02T18:32,-2.9678571428571416,UNKNOWN
2022-11-02T18:33,-2.9678571428571416,UNKNOWN
2022-11-02T18:34,-2.9678571428571416,UNKNOWN
2022-11-02T18:35,-2.7678571428571423,UNKNOWN
2022-11-02T18:36,-2.7678571428571423,UNKNOWN
2022-11-02T18:37,-2.7678571428571423,UNKNOWN
2022-11-02T18:38,-2.7678571428571423,UNKNOWN
2022-11-02T18:39,-2.567857142857143,UNKNOWN
2022-11-02T18:40,-2.2678571428571423,UNKNOWN
2022-11-02T18:41,-2.2678571428571423,UNKNOWN
2022-11-02T18:42,-2.2678571428571423,UNKNOWN
2022-11-02T18:43,-2.067857142857143,UNKNOWN
2022-11-02T18:44,-1.8678571428571438,UNKNOWN
2022-11-02T18:45,-1.8678571428571438,UNKNOWN
2022-11-02T18:46,-1.667857142857141,UNKNOWN
2022-11-02T18:47,-1.667857142857141,UNKNOWN
2022-11-02T18:48,-1.667857142857141,UNKNOWN
2022-11-02T18:49,-1.8678571428571438,UNKNOWN
2022-11-02T18:50,-2.067857142857143,UNKNOWN
2022-11-02T18:51,-2.067857142857143,UNKNOWN
2022-11-02T18:52,-2.2678571428571423,UNKNOWN
2022-11-02T18:53,-2.2678571428571423,UNKNOWN
2022-11-02T18:54,-2.567857142857143,UNKNOWN
2022-11-02T18:55,-2.7678571428571423,UNKNOWN
2022-11-02T18:56,-2.7678571428571423,UNKNOWN
2022-11-02T18:57,-2.9678571428571416,UNKNOWN
2022-11-02T18:58,-3.167857142857141,UNKNOWN
2022-11-02T18:59,-3.167857142857141,UNKNOWN
2022-11-02T19:00,-3.167857142857141,UNKNOWN
2022-11-02T19:01,-2.9678571428571416,UNKNOWN
2022-11-02T19:02,-2.9678571428571416,UNKNOWN
2022-11-02T19:03,-2.7678571428571423,UNKNOWN
2022-11-02T19:04,-2.9678571428571416,UNKNOWN
2022-11-02T19:05,-2.7678571428571423,UNKNOWN
2022-11-02T19:06,-2.7678571428571423,UNKNOWN
2022-11-02T19:07,-2.567857142857143,UNKNOWN
2022-11-02T19:08,-2.567857142857143,UNKNOWN
2022-11-02T19:09,-2.567857142857143,UNKNOWN
2022-11-02T19:10,-2.2678571428571423,UNKNOWN
2022-11-02T19:11,-2.567857142857143,UNKNOWN
2022-11-02T19:12,-2.567857142857143,UNKNOWN
2022-11-02T19:13,-2.567857142857143,UNKNOWN
2022-11-02T19:14,-2.7678571428571423,UNKNOWN
2022-11-02T19:15,-2.567857142857143,UNKNOWN
2022-11-02T19:16,-2.2678571428571423,UNKNOWN
2022-11-02T19:17,-2.2678571428571423,UNKNOWN
2022-11-02T19:18,-1.8678571428571438,UNKNOWN
2022-11-02T19:19,-1.8678571428571438,UNKNOWN
2022-11-02T19:20,-1.667857142857141,UNKNOWN
2022-11-02T19:21,-1.667857142857141,UNKNOWN
2022-11-02T19:22,-1.667857142857141,UNKNOWN
2022-11-02T19:23,-1.4678571428571416,UNKNOWN
2022-11-02T19:24,-1.4678571428571416,UNKNOWN
2022-11-02T19:25,-1.4678571428571416,UNKNOWN
2022-11-02T19:26,-1.2678571428571423,UNKNOWN
2022-11-02T19:27,-1.2678571428571423,UNKNOWN
2022-11-02T19:28,-1.2678571428571423,UNKNOWN
2022-11-02T19:29,-1.2678571428571423,UNKNOWN
2022-11-02T19:30,-1.2678571428571423,UNKNOWN
2022-11-02T19:31,-1.4678571428571416,UNKNOWN
2022-11-02T19:32,-1.4678571428571416,UNKNOWN
2022-11-02T19:33,-1.4678571428571416,UNKNOWN
2022-11-02T19:34,-1.667857142857141,UNKNOWN
2022-11-02T19:35,-1.4678571428571416,UNKNOWN
2022-11-02T19:36,-1.4678571428571416,UNKNOWN
2022-11-02T19:37,-1.2678571428571423,UNKNOWN
2022-11-02T19:38,-1.2678571428571423,UNKNOWN
2022-11-02T19:39,-1.2678571428571423,UNKNOWN
2022-11-02T19:40,-1.2678571428571423,UNKNOWN
2022-11-02T19:41,-0.9678571428571416,UNKNOWN
2022-11-02T19:42,-0.9678571428571416,UNKNOWN
2022-11-02T19:43,-0.9678571428571416,UNKNOWN
2022-11-02T19:44,-1.2678571428571423,UNKNOWN
2022-11-02T19:45,-1.2678571428571423,UNKNOWN
2022-11-02T19:46,-1.4678571428571416,UNKNOWN
2022-11-02T19:47,-1.667857142857141,UNKNOWN
2022-11-02T19:48,-1.8678571428571438,UNKNOWN
2022-11-02T19:49,-1.8678571428571438,UNKNOWN
2022-11-02T19:50,-1.8678571428571438,UNKNOWN
2022-11-02T19:51,-1.667857142857141,UNKNOWN
2022-11-02T19:52,-1.4678571428571416,UNKNOWN
2022-11-02T19:53,-1.2678571428571423,UNKNOWN
2022-11-02T19:54,-0.9678571428571416,UNKNOWN
2022-11-02T19:55,-0.7678571428571423,UNKNOWN
2022-11-02T19:56,-0.5678571428571431,UNKNOWN
2022-11-02T19:57,-0.36785714285714377,UNKNOWN
2022-11-02T19:58,-0.5678571428571431,UNKNOWN
2022-11-02T19:59,-0.5678571428571431,UNKNOWN
2022-11-02T20:00,-0.7678571428571423,UNKNOWN
2022-11-02T20:01,-0.7678571428571423,UNKNOWN
2022-11-02T20:02,-0.7678571428571423,UNKNOWN
2022-11-02T20:03,-0.9678571428571416,UNKNOWN
2022-11-02T20:04,-0.9678571428571416,UNKNOWN
2022-11-02T20:05,-0.7678571428571423,UNKNOWN
2022-11-02T20:06,-0.5678571428571431,UNKNOWN
2022-11-02T20:07,-0.5678571428571431,UNKNOWN
2022-11-02T20:08,-0.5678571428571431,UNKNOWN
2022-11-02T20:09,-0.36785714285714377,UNKNOWN
2022-11-02T20:10,-0.36785714285714377,UNKNOWN
2022-11-02T20:11,-0.36785714285714377,UNKNOWN
2022-11-02T20:12,-0.36785714285714377,UNKNOWN
2022-11-02T20:13,-0.36785714285714377,UNKNOWN
2022-11-02T20:14,-0.36785714285714377,UNKNOWN
2022-11-02T20:15,-0.36785714285714377,UNKNOWN
2022-11-02T20:16,-0.36785714285714377,UNKNOWN
2022-11-02T20:17,-0.36785714285714377,UNKNOWN
2022-11-02T20:18,-0.36785714285714377,UNKNOWN
2022-11-02T20:19,-0.16785714285714093,UNKNOWN
2022-11-02T20:20,0.03214285714285836,UNKNOWN
2022-11-02T20:21,0.33214285714285907,UNKNOWN
2022-11-02T20:22,0.33214285714285907,UNKNOWN
2022-11-02T20:23,0.33214285714285907,UNKNOWN
2022-11-02T20:24,0.33214285714285907,UNKNOWN
2022-11-02T20:25,0.03214285714285836,UNKNOWN
2022-11-02T20:26,0.03214285714285836,UNKNOWN
2022-11-02T20:27,0.03214285714285836,UNKNOWN
2022-11-02T20:28,0.03214285714285836,UNKNOWN
2022-11-02T20:29,0.03214285714285836,UNKNOWN
2022-11-02T20:30,0.33214285714285907,UNKNOWN
2022-11-02T20:31,0.33214285714285907,UNKNOWN
2022-11-02T20:32,0.33214285714285907,UNKNOWN
2022-11-02T20:33,0.33214285714285907,UNKNOWN
2022-11-02T20:34,0.33214285714285907,UNKNOWN
2022-11-02T20:35,0.33214285714285907,UNKNOWN
2022-11-02T20:36,0.33214285714285907,UNKNOWN
2022-11-02T20:37,0.5321428571428548,UNKNOWN
2022-11-02T20:38,0.5321428571428548,UNKNOWN
2022-11-02T20:39,0.5321428571428548,UNKNOWN
2022-11-02T20:40,0.5321428571428548,UNKNOWN
2022-11-02T20:41,0.5321428571428548,UNKNOWN
2022-11-02T20:42,0.5321428571428548,UNKNOWN
2022-11-02T20:43,0.5321428571428548,UNKNOWN
2022-11-02T20:44,0.5321428571428548,UNKNOWN
2022-11-02T20:45,0.5321428571428548,UNKNOWN
2022-11-02T20:46,0.5321428571428548,UNKNOWN
2022-11-02T20:47,0.5321428571428548,UNKNOWN
2022-11-02T20:48,0.5321428571428548,UNKNOWN
2022-11-02T20:49,0.03214285714285836,UNKNOWN
2022-11-02T20:50,-0.16785714285714093,UNKNOWN
2022-11-02T20:51,-0.36785714285714377,UNKNOWN
2022-11-02T20:52,-0.5678571428571431,UNKNOWN
2022-11-02T20:53,-0.9678571428571416,UNKNOWN
2022-11-02T20:54,-1.667857142857141,UNKNOWN
2022-11-02T20:55,-2.567857142857143,UNKNOWN
2022-11-02T20:56,-3.167857142857141,UNKNOWN
2022-11-02T20:57,-3.7678571428571423,UNKNOWN
2022-11-02T20:58,-4.267857142857142,UNKNOWN
2022-11-02T20:59,-4.667857142857141,UNKNOWN
2022-11-02T21:00,-5.067857142857143,UNKNOWN
2022-11-02T21:01,-5.467857142857142,UNKNOWN
2022-11-02T21:02,-5.767857142857142,UNKNOWN
2022-11-02T21:03,-6.167857142857141,UNKNOWN
2022-11-02T21:04,-6.367857142857144,UNKNOWN
2022-11-02T21:05,-6.567857142857143,UNKNOWN
2022-11-02T21:06,-6.767857142857142,UNKNOWN
2022-11-02T21:25,-6.767857142857142,UNKNOWN
2022-11-02T23:18,-6.767857142857142,UNKNOWN
2022-11-02T23:19,-6.367857142857144,UNKNOWN
2022-11-02T23:20,-5.767857142857142,UNKNOWN
2022-11-02T23:21,-5.267857142857142,UNKNOWN
2022-11-02T23:22,-5.067857142857143,UNKNOWN
2022-11-02T23:23,-4.867857142857144,UNKNOWN
2022-11-02T23:24,-4.667857142857141,UNKNOWN
2022-11-02T23:25,-4.467857142857142,UNKNOWN
2022-11-02T23:26,-4.267857142857142,UNKNOWN
2022-11-02T23:27,-4.067857142857143,UNKNOWN
2022-11-02T23:28,-4.067857142857143,UNKNOWN
2022-11-02T23:29,-3.7678571428571423,UNKNOWN
2022-11-02T23:30,-3.7678571428571423,UNKNOWN
2022-11-02T23:31,-3.7678571428571423,UNKNOWN
2022-11-02T23:32,-3.7678571428571423,UNKNOWN
2022-11-02T23:33,-3.7678571428571423,UNKNOWN
2022-11-02T23:34,-3.7678571428571423,UNKNOWN
2022-11-02T23:35,-3.567857142857143,UNKNOWN
2022-11-02T23:36,-3.567857142857143,UNKNOWN
2022-11-02T23:37,-3.3678571428571438,UNKNOWN
2022-11-02T23:38,-3.3678571428571438,UNKNOWN
2022-11-02T23:39,-3.3678571428571438,UNKNOWN
2022-11-02T23:40,-3.3678571428571438,UNKNOWN
2022-11-02T23:41,-3.3678571428571438,UNKNOWN
2022-11-02T23:42,-3.167857142857141,UNKNOWN
2022-11-02T23:43,-3.3678571428571438,UNKNOWN
2022-11-02T23:44,-3.3678571428571438,UNKNOWN
2022-11-02T23:45,-3.3678571428571438,UNKNOWN
2022-11-02T23:46,-3.167857142857141,UNKNOWN
2022-11-02T23:47,-3.167857142857141,UNKNOWN
2022-11-02T23:48,-3.3678571428571438,UNKNOWN
2022-11-02T23:49,-3.167857142857141,UNKNOWN
2022-11-02T23:50,-3.167857142857141,UNKNOWN
2022-11-02T23:51,-3.167857142857141,UNKNOWN
2022-11-02T23:52,-3.167857142857141,UNKNOWN
2022-11-02T23:53,-3.167857142857141,UNKNOWN
2022-11-02T23:54,-3.167857142857141,UNKNOWN
2022-11-02T23:55,-3.167857142857141,UNKNOWN
2022-11-02T23:56,-3.167857142857141,UNKNOWN
2022-11-02T23:57,-2.9678571428571416,UNKNOWN
2022-11-02T23:58,-2.9678571428571416,UNKNOWN
2022-11-02T23:59,-2.9678571428571416,UNKNOWN